,basin_id,P,T,evap,Q
0,AT000002,0,0,0,0
1,AT000003,0,0,0,0
2,AT000005,0,0,0,0
3,AT000006,0,0,0,0
4,AT000007,0,0,0,0
5,AT000008,0,0,0,357
6,AT000009,0,0,0,0
7,AT000010,0,0,0,2
8,AT000011,0,0,0,357
9,AT000012,0,0,0,0
10,AT000014,0,0,0,0
11,AT000015,0,0,0,0
12,AT000016,0,0,0,0
13,AT000018,0,0,0,0
14,AT000019,0,0,0,0
15,AT000020,0,0,2,0
16,AT000021,0,0,0,0
17,AT000022,0,0,0,0
18,AT000023,0,0,0,356
19,AT000024,0,0,20,0
20,AT000027,0,0,0,0
21,AT000028,0,0,0,0
22,AT000029,0,0,0,0
23,AT000030,0,0,0,0
24,AT000033,0,0,15,0
25,AT000034,0,0,0,0
26,AT000035,0,0,0,0
27,AT000036,0,0,15,0
28,AT000038,0,0,0,0
29,AT000039,0,0,0,0
30,AT000040,0,0,21,0
31,AT000041,0,0,0,0
32,AT000042,0,0,0,0
33,AT000043,0,0,3,0
34,AT000044,0,0,2,0
35,AT000048,0,0,1,0
36,AT000049,0,0,20,0
37,AT000050,0,0,1,0
38,AT000051,0,0,1,0
39,AT000052,0,0,2,0
40,AT000054,0,0,7,0
41,AT000058,0,0,0,0
42,AT000059,0,0,20,0
43,AT000060,0,0,0,0
44,AT000061,0,0,12,0
45,AT000062,0,0,0,356
46,AT000065,0,0,45,356
47,AT000067,0,0,0,356
48,AT000068,0,0,0,0
49,AT000069,0,0,0,0
50,AT000070,0,0,0,1
51,AT000071,0,0,0,0
52,AT000072,0,0,0,0
53,AT000073,0,0,0,356
54,AT000074,0,0,0,0
55,AT000075,0,0,9,0
56,AT000076,0,0,9,0
57,AT000078,0,0,89,0
58,AT000080,0,0,4,0
59,AT000081,0,0,23,0
60,AT000082,0,0,4,0
61,AT000083,0,0,107,2182
62,AT000084,0,0,1,0
63,AT000085,0,0,1,9395
64,AT000086,0,0,1,0
65,AT000087,0,0,1,0
66,AT000089,0,0,2,0
67,AT000090,0,0,0,0
68,AT000091,0,0,0,9395
69,AT000093,0,0,2,0
70,AT000094,0,0,2,365
71,AT000095,0,0,0,0
72,AT000097,0,0,0,0
73,AT000098,0,0,0,0
74,AT000100,0,0,0,2183
75,AT000101,0,0,0,0
76,AT000103,0,0,2,0
77,AT000105,0,0,0,0
78,AT000106,0,0,0,0
79,AT000107,0,0,0,0
80,AT000108,0,0,0,1088
81,AT000111,0,0,1,0
82,AT000115,0,0,16,0
83,AT000116,0,0,6,0
84,AT000117,0,0,1,0
85,AT000118,0,0,0,0
86,AT000119,0,0,2,1225
87,AT000122,0,0,0,0
88,AT000123,0,0,0,0
89,AT000124,0,0,2,0
90,AT000125,0,0,2,0
91,AT000127,0,0,62,0
92,AT000129,0,0,62,0
93,AT000130,0,0,1,0
94,AT000132,0,0,0,5
95,AT000133,0,0,5,0
96,AT000135,0,0,0,0
97,AT000137,0,0,4,0
98,AT000138,0,0,0,0
99,AT000139,0,0,0,2807
100,AT000140,0,0,0,0
101,AT000141,0,0,2,0
102,AT000142,0,0,1,0
103,AT000143,0,0,0,0
104,AT000144,0,0,0,0
105,AT000146,0,0,0,0
106,AT000147,0,0,0,0
107,AT000149,0,0,0,0
108,AT000150,0,0,0,0
109,AT000151,0,0,1,0
110,AT000152,0,0,1,0
111,AT000153,0,0,1,0
112,AT000154,0,0,1,0
113,AT000155,0,0,0,0
114,AT000156,0,0,0,0
115,AT000157,0,0,0,0
116,AT000158,0,0,0,301
117,AT000159,0,0,0,0
118,AT000160,0,0,0,0
119,AT000161,0,0,0,0
120,AT000162,0,0,1,0
121,AT000163,0,0,1,0
122,AT000164,0,0,0,0
123,AT000165,0,0,0,0
124,AT000166,0,0,0,0
125,AT000167,0,0,1,172
126,AT000168,0,0,1,0
127,AT000169,0,0,1,0
128,AT000170,0,0,0,0
129,AT000171,0,0,0,0
130,AT000173,0,0,1,0
131,AT000174,0,0,0,0
132,AT000175,0,0,0,0
133,AT000176,0,0,0,0
134,AT000177,0,0,1,0
135,AT000178,0,0,0,0
136,AT000179,0,0,0,365
137,AT000180,0,0,0,0
138,AT000181,0,0,0,0
139,AT000182,0,0,0,0
140,AT000183,0,0,0,0
141,AT000184,0,0,0,0
142,AT000185,0,0,0,0
143,AT000187,0,0,0,0
144,AT000188,0,0,0,0
145,AT000189,0,0,0,0
146,AT000190,0,0,0,0
147,AT000191,0,0,1,0
148,AT000192,0,0,0,0
149,AT000193,0,0,1,0
150,AT000194,0,0,0,0
151,AT000195,0,0,0,0
152,AT000196,0,0,0,0
153,AT000197,0,0,0,0
154,AT000198,0,0,0,0
155,AT000199,0,0,8,0
156,AT000201,0,0,1,0
157,AT000203,0,0,1,0
158,AT000205,0,0,1,0
159,AT000206,0,0,1,0
160,AT000207,0,0,0,0
161,AT000208,0,0,0,0
162,AT000209,0,0,0,0
163,AT000210,0,0,0,0
164,AT000211,0,0,0,0
165,AT000212,0,0,1,0
166,AT000213,0,0,0,0
167,AT000214,0,0,0,0
168,AT000215,0,0,0,0
169,AT000217,0,0,0,0
170,AT000218,0,0,1,0
171,AT000219,0,0,1,0
172,AT000220,0,0,1,0
173,AT000221,0,0,1,0
174,AT000222,0,0,1,0
175,AT000223,0,0,1,0
176,AT000224,0,0,0,0
177,AT000225,0,0,0,0
178,AT000226,0,0,0,0
179,AT000228,0,0,0,0
180,AT000229,0,0,0,0
181,AT000230,0,0,0,0
182,AT000231,0,0,0,0
183,AT000232,0,0,0,0
184,AT000234,0,0,0,0
185,AT000235,0,0,0,0
186,AT000236,0,0,0,0
187,AT000237,0,0,0,172
188,AT000238,0,0,0,0
189,AT000239,0,0,0,0
190,AT000240,0,0,0,0
191,AT000241,0,0,0,1394
192,AT000242,0,0,0,0
193,AT000243,0,0,17,0
194,AT000245,0,0,35,0
195,AT000246,0,0,11,0
196,AT000247,0,0,4,0
197,AT000249,0,0,21,0
198,AT000250,0,0,8,0
199,AT000252,0,0,5,0
200,AT000254,0,0,0,3
201,AT000255,0,0,1,0
202,AT000256,0,0,5,195
203,AT000257,0,0,0,0
204,AT000258,0,0,0,0
205,AT000259,0,0,0,0
206,AT000260,0,0,0,0
207,AT000261,0,0,0,0
208,AT000263,0,0,28,0
209,AT000266,0,0,0,0
210,AT000267,0,0,11,0
211,AT000268,0,0,14,0
212,AT000269,0,0,11,0
213,AT000271,0,0,0,0
214,AT000273,0,0,0,0
215,AT000274,0,0,0,0
216,AT000275,0,0,0,0
217,AT000276,0,0,0,0
218,AT000277,0,0,0,0
219,AT000278,0,0,0,0
220,AT000280,0,0,0,0
221,AT000281,0,0,0,0
222,AT000282,0,0,0,0
223,AT000283,0,0,0,0
224,AT000284,0,0,0,0
225,AT000285,0,0,0,0
226,AT000286,0,0,0,0
227,AT000287,0,0,0,0
228,AT000288,0,0,0,0
229,AT000289,0,0,0,0
230,AT000290,0,0,0,0
231,AT000291,0,0,0,0
232,AT000292,0,0,5,0
233,AT000295,0,0,0,0
234,AT000297,0,0,0,0
235,AT000298,0,0,0,0
236,AT000299,0,0,1,0
237,AT000300,0,0,1,0
238,AT000301,0,0,4,0
239,AT000302,0,0,1,0
240,AT000303,0,0,5,0
241,AT000304,0,0,1,0
242,AT000306,0,0,0,0
243,AT000308,0,0,0,0
244,AT000309,0,0,0,0
245,AT000310,0,0,1,0
246,AT000311,0,0,0,0
247,AT000313,0,0,0,0
248,AT000314,0,0,0,0
249,AT000315,0,0,0,0
250,AT000316,0,0,4,0
251,AT000318,0,0,0,0
252,AT000319,0,0,0,0
253,AT000320,0,0,0,0
254,AT000323,0,0,1,0
255,AT000324,0,0,1,0
256,AT000326,0,0,0,0
257,AT000328,0,0,0,0
258,AT000329,0,0,0,0
259,AT000330,0,0,0,0
260,AT000332,0,0,0,0
261,AT000333,0,0,0,0
262,AT000334,0,0,0,0
263,AT000335,0,0,0,0
264,AT000336,0,0,0,0
265,AT000337,0,0,0,0
266,AT000338,0,0,0,0
267,AT000340,0,0,0,0
268,AT000341,0,0,0,0
269,AT000342,0,0,0,0
270,AT000343,0,0,0,0
271,AT000344,0,0,0,0
272,AT000345,0,0,0,0
273,AT000346,0,0,0,0
274,AT000347,0,0,0,0
275,AT000349,0,0,0,0
276,AT000351,0,0,0,356
277,AT000352,0,0,0,0
278,AT000353,0,0,0,365
279,AT000354,0,0,0,0
280,AT000356,0,0,0,0
281,AT000357,0,0,0,0
282,AT000358,0,0,0,0
283,AT000360,0,0,0,80
284,AT000361,0,0,0,0
285,AT000363,0,0,2,0
286,AT000365,0,0,0,0
287,AT000367,0,0,0,0
288,AT000368,0,0,0,0
289,AT000372,0,0,0,404
290,AT000373,0,0,0,991
291,AT000374,0,0,2,0
292,AT000375,0,0,0,0
293,AT000378,0,0,0,0
294,AT000380,0,0,0,0
295,AT000381,0,0,0,2548
296,AT000382,0,0,0,0
297,AT000383,0,0,0,0
298,AT000386,0,0,0,0
299,AT000391,0,0,0,0
300,AT000392,0,0,0,0
301,AT000394,0,0,0,0
302,AT000397,0,0,1,0
303,AT000398,0,0,3,0
304,AT000399,0,0,1,0
305,AT000400,0,0,1,0
306,AT000401,0,0,0,0
307,AT000402,0,0,0,853
308,AT000403,0,0,0,0
309,AT000404,0,0,0,0
310,AT000406,0,0,0,0
311,AT000407,0,0,0,0
312,AT000408,0,0,0,550
313,AT000409,0,0,0,0
314,AT000410,0,0,0,0
315,AT000411,0,0,0,0
316,AT000417,0,0,0,0
317,AT000418,0,0,0,0
318,AT000423,0,0,0,0
319,AT000424,0,0,0,0
320,AT000425,0,0,0,8
321,AT000426,0,0,0,0
322,AT000427,0,0,0,0
323,AT000428,0,0,0,0
324,AT000429,0,0,0,0
325,AT000430,0,0,0,2182
326,AT000431,0,0,0,0
327,AT000432,0,0,0,0
328,AT000433,0,0,0,0
329,AT000434,0,0,0,0
330,AT000435,0,0,0,0
331,AT000436,0,0,0,357
332,AT000437,0,0,0,0
333,AT000438,0,0,0,0
334,AT000439,0,0,0,356
335,AT000440,0,0,0,0
336,AT000441,0,0,0,0
337,AT000442,0,0,0,0
338,AT000443,0,0,0,0
339,AT000444,0,0,0,0
340,AT000445,0,0,0,0
341,AT000446,0,0,0,0
342,AT000447,0,0,0,0
343,AT000448,0,0,2,412
344,AT000449,0,0,0,0
345,AT000450,0,0,0,0
346,AT000451,0,0,0,33
347,AT000452,0,0,0,0
348,AT000453,0,0,0,12
349,AT000454,0,0,0,1817
350,AT000455,0,0,0,0
351,AT000456,0,0,0,0
352,AT000457,0,0,0,0
353,AT000458,0,0,0,0
354,AT000460,0,0,0,356
355,AT000461,0,0,0,356
356,AT000462,0,0,0,0
357,AT000463,0,0,0,0
358,AT000464,0,0,0,0
359,AT000465,0,0,0,0
360,AT000466,0,0,190,0
361,AT000467,0,0,75,0
362,AT000468,0,0,75,0
363,AT000469,0,0,51,0
364,AT000470,0,0,15,0
365,AT000471,0,0,17,0
366,AT000472,0,0,8,1088
367,AT000473,0,0,11,1088
368,AT000474,0,0,6,0
369,AT000475,0,0,1,0
370,AT000476,0,0,0,722
371,AT000477,0,0,0,0
372,AT000481,0,0,2,0
373,AT000483,0,0,0,0
374,AT000484,0,0,0,1453
375,AT000485,0,0,1,0
376,AT000486,0,0,0,0
377,AT000488,0,0,1,0
378,AT000489,0,0,0,0
379,AT000490,0,0,0,357
380,AT000491,0,0,0,0
381,AT000492,0,0,0,0
382,AT000493,0,0,0,55
383,AT000495,0,0,0,0
384,AT000500,0,0,0,0
385,AT000501,0,0,0,1818
386,AT000502,0,0,0,0
387,AT000503,0,0,0,1087
388,AT000504,0,0,0,0
389,AT000505,0,0,1,0
390,AT000506,0,0,1,1453
391,AT000507,0,0,0,0
392,AT000508,0,0,0,0
393,AT000509,0,0,0,0
394,AT000510,0,0,0,0
395,AT000511,0,0,0,0
396,AT000512,0,0,0,357
397,AT000513,0,0,0,0
398,AT000514,0,0,0,0
399,AT000515,0,0,0,0
400,AT000518,0,0,0,0
401,AT000520,0,0,29,357
402,AT000521,0,0,18,0
403,AT000522,0,0,0,357
404,AT000523,0,0,5,0
405,AT000525,0,0,0,0
406,AT000528,0,0,0,0
407,AT000529,0,0,7,0
408,AT000530,0,0,0,0
409,AT000531,0,0,0,0
410,AT000532,0,0,0,0
411,AT000533,0,0,0,0
412,AT000534,0,0,5,0
413,AT000538,0,0,0,5
414,AT000539,0,0,0,0
415,AT000540,0,0,3,35
416,AT000542,0,0,0,2
417,AT000544,0,0,75,0
418,AT000545,0,0,1,13
419,AT000547,0,0,3,0
420,AT000550,0,0,0,14
421,AT000551,0,0,0,0
422,AT000552,0,0,0,0
423,AT000554,0,0,0,1336
424,AT000555,0,0,0,0
425,AT000557,0,0,0,0
426,AT000558,0,0,0,0
427,AT000559,0,0,12,4
428,AT000560,0,0,0,0
429,AT000561,0,0,0,15
430,AT000562,0,0,3,0
431,AT000563,0,0,0,0
432,AT000564,0,0,0,0
433,AT000565,0,0,0,0
434,AT000566,0,0,0,11
435,AT000568,0,0,0,0
436,AT000569,0,0,0,0
437,AT000570,0,0,0,6
438,AT000572,0,0,0,0
439,AT000573,0,0,0,30
440,AT000574,0,0,0,1453
441,AT000575,0,0,0,0
442,AT000576,0,0,0,1088
443,AT000577,0,0,0,0
444,AT000578,0,0,0,0
445,AT000579,0,0,0,0
446,AT000580,0,0,0,0
447,AT000581,0,0,0,0
448,AT000583,0,0,0,11
449,AT000585,0,0,0,2548
450,AT000586,0,0,0,1817
451,AT000587,0,0,0,0
452,AT000588,0,0,0,0
453,AT000591,0,0,1,5
454,AT000593,0,0,0,1087
455,AT000594,0,0,0,2548
456,AT000595,0,0,0,0
457,AT000596,0,0,2,0
458,AT000597,0,0,0,0
459,AT000599,0,0,0,0
460,CH000006,0,0,0,0
461,CH000010,0,0,2,0
462,CH000011,0,0,0,0
463,CH000013,0,0,0,0
464,CH000014,0,0,1,356
465,CH000015,0,0,1,0
466,CH000017,0,0,0,0
467,CH000018,0,0,0,2192
468,CH000019,0,0,0,0
469,CH000020,0,0,10,0
470,CH000022,0,0,0,0
471,CH000024,0,0,0,0
472,CH000025,0,0,9,0
473,CH000028,0,0,0,0
474,CH000029,0,0,0,0
475,CH000030,0,0,3,0
476,CH000031,0,0,0,0
477,CH000032,0,0,3,0
478,CH000034,0,0,0,0
479,CH000037,0,0,1,0
480,CH000038,0,0,0,0
481,CH000039,0,0,0,0
482,CH000040,0,0,0,0
483,CH000041,0,0,0,0
484,CH000043,0,0,0,0
485,CH000046,0,0,0,0
486,CH000048,0,0,0,0
487,CH000049,0,0,0,0
488,CH000051,0,0,0,0
489,CH000053,0,0,0,0
490,CH000054,0,0,0,0
491,CH000056,0,0,0,0
492,CH000057,0,0,0,0
493,CH000059,0,0,0,0
494,CH000060,0,0,0,0
495,CH000061,0,0,0,0
496,CH000062,0,0,0,0
497,CH000063,0,0,0,0
498,CH000064,0,0,0,0
499,CH000065,0,0,3,0
500,CH000066,0,0,0,0
501,CH000067,0,0,0,0
502,CH000070,0,0,0,0
503,CH000071,0,0,0,0
504,CH000074,0,0,0,0
505,CH000075,0,0,0,0
506,CH000077,0,0,1,470
507,CH000078,0,0,0,0
508,CH000079,0,0,2,0
509,CH000080,0,0,2,0
510,CH000083,0,0,2,0
511,CH000084,0,0,0,0
512,CH000087,0,0,0,0
513,CH000088,0,0,1,0
514,CH000089,0,0,0,0
515,CH000090,0,0,0,0
516,CH000093,0,0,0,0
517,CH000095,0,0,0,0
518,CH000096,0,0,0,0
519,CH000097,0,0,5,0
520,CH000098,0,0,0,0
521,CH000099,0,0,0,0
522,CH000100,0,0,0,0
523,CH000102,0,0,0,0
524,CH000103,0,0,39,0
525,CH000104,0,0,0,0
526,CH000106,0,0,1,0
527,CH000107,0,0,0,0
528,CH000108,0,0,0,0
529,CH000109,0,0,0,0
530,CH000110,0,0,1,1
531,CH000111,0,0,1,0
532,CH000112,0,0,3,0
533,CH000113,0,0,0,0
534,CH000114,0,0,0,0
535,CH000115,0,0,0,0
536,CH000116,0,0,11,0
537,CH000117,0,0,0,0
538,CH000118,0,0,0,0
539,CH000119,0,0,0,0
540,CH000120,0,0,0,0
541,CH000121,0,0,0,0
542,CH000122,0,0,0,0
543,CH000123,0,0,0,0
544,CH000124,0,0,0,0
545,CH000125,0,0,0,0
546,CH000127,0,0,1,0
547,CH000128,0,0,0,0
548,CH000129,0,0,0,0
549,CH000130,0,0,0,0
550,CH000131,0,0,0,0
551,CH000132,0,0,0,0
552,CH000133,0,0,0,0
553,CH000134,0,0,0,0
554,CH000135,0,0,0,0
555,CH000136,0,0,3,0
556,CH000137,0,0,0,0
557,CH000138,0,0,0,0
558,CH000140,0,0,0,0
559,CH000141,0,0,0,0
560,CH000142,0,0,0,0
561,CH000143,0,0,0,0
562,CH000144,0,0,0,0
563,CH000147,0,0,0,0
564,CH000148,0,0,0,0
565,CH000149,0,0,0,0
566,CH000150,0,0,0,0
567,CH000152,0,0,0,0
568,CH000154,0,0,0,0
569,CH000155,0,0,0,0
570,CH000156,0,0,0,0
571,CH000158,0,0,17,0
572,CH000159,0,0,0,0
573,CH000160,0,0,0,0
574,CH000161,0,0,0,0
575,CH000162,0,0,0,0
576,CH000163,0,0,1,0
577,CH000164,0,0,0,0
578,CH000165,0,0,0,0
579,CH000166,0,0,0,0
580,CH000167,0,0,0,0
581,CH000168,0,0,0,0
582,CH000169,0,0,5,0
583,CH000170,0,0,0,0
584,CH000171,0,0,0,0
585,CH000172,0,0,0,0
586,CH000173,0,0,0,0
587,CH000174,0,0,0,0
588,CH000176,0,0,0,0
589,CH000177,0,0,0,0
590,CH000178,0,0,0,0
591,CH000180,0,0,4,211
592,CH000181,0,0,0,245
593,CH000182,0,0,0,413
594,CH000183,0,0,0,721
595,CH000184,0,0,0,903
596,CH000187,0,0,15,1590
597,CH000193,0,0,0,0
598,CH000194,0,0,0,0
599,CH000208,0,0,0,2182
600,CH000230,0,0,0,0
601,CH000231,0,0,0,0
602,CH000232,0,0,0,0
603,CH000233,0,0,0,0
604,CH000234,0,0,0,0
605,CH000235,0,0,0,0
606,CH000236,0,0,0,22
607,CH000237,0,0,0,0
608,CH000238,0,0,0,0
609,CH000240,0,0,0,0
610,CH000241,0,0,0,92
611,CH000242,0,0,0,0
612,CH000243,0,0,0,0
613,CH000244,0,0,0,0
614,CH000245,0,0,0,0
615,CH000246,0,0,0,0
616,CH000247,0,0,0,0
617,CH000249,0,0,0,0
618,CH000250,0,0,0,0
619,CH000251,0,0,0,2121
620,CH000252,0,0,0,11
621,CH000254,0,0,0,0
622,CH000255,0,0,0,63
623,CH000256,0,0,0,519
624,CH000258,0,0,0,23
625,CH000260,0,0,0,2368
626,CH000264,0,0,0,6
627,CH000267,0,0,0,125
628,CH000269,0,0,0,0
629,CH000270,0,0,0,17
630,CH000272,0,0,3,329
631,CH000274,0,0,0,115
632,CH000275,0,0,0,1868
633,CH000281,0,0,0,299
634,CH000285,0,0,0,1090
635,CH000287,0,0,0,0
636,CZ000095,0,0,0,0
637,CZ000098,0,0,0,0
638,CZ000099,0,0,0,0
639,CZ000100,0,0,0,0
640,CZ000101,0,0,0,0
641,CZ000102,0,0,0,0
642,CZ000103,0,0,0,0
643,CZ000104,0,0,0,0
644,CZ000105,0,0,0,0
645,CZ000106,0,0,0,0
646,CZ000107,0,0,0,0
647,CZ000108,0,0,0,0
648,CZ000109,0,0,0,0
649,CZ000110,0,0,0,660
650,CZ000111,0,0,0,0
651,CZ000112,0,0,0,0
652,CZ000115,0,0,0,0
653,CZ000116,0,0,0,0
654,CZ000117,0,0,0,0
655,CZ000118,0,0,0,0
656,CZ000120,0,0,0,0
657,CZ000121,0,0,0,0
658,CZ000122,0,0,0,0
659,CZ000124,0,0,0,0
660,CZ000126,0,0,0,295
661,CZ000128,0,0,0,0
662,CZ000129,0,0,0,0
663,CZ000130,0,0,0,3582
664,CZ000131,0,0,0,0
665,CZ000132,0,0,0,0
666,CZ000133,0,0,0,0
667,CZ000134,0,0,0,0
668,CZ000135,0,0,0,0
669,CZ000136,0,0,0,0
670,CZ000137,0,0,0,0
671,CZ000139,0,0,0,0
672,CZ000140,0,0,0,0
673,CZ000141,0,0,0,0
674,CZ000142,0,0,0,0
675,CZ000143,0,0,0,0
676,CZ000145,0,0,0,0
677,CZ000146,0,0,0,0
678,CZ000147,0,0,0,0
679,CZ000148,0,0,0,0
680,CZ000149,0,0,0,0
681,CZ000151,0,0,0,0
682,CZ000152,0,0,0,0
683,CZ000154,0,0,0,0
684,CZ000155,0,0,0,0
685,CZ000156,0,0,0,0
686,CZ000157,0,0,0,0
687,CZ000159,0,0,0,660
688,CZ000160,0,0,0,1391
689,CZ000161,0,0,0,1026
690,CZ000162,0,0,0,660
691,CZ000163,0,0,0,0
692,CZ000164,0,0,0,660
693,CZ000165,0,0,0,0
694,CZ000168,0,0,0,0
695,CZ000169,0,0,0,660
696,CZ000170,0,0,0,660
697,CZ000173,0,0,0,660
698,CZ000176,0,0,0,660
699,CZ000179,0,0,0,1149
700,CZ000180,0,0,0,123
701,CZ000181,0,0,0,183
702,CZ000182,0,0,0,0
703,CZ000183,0,0,0,0
704,CZ000184,0,0,0,0
705,CZ000185,0,0,0,0
706,CZ000188,0,0,0,0
707,CZ000189,0,0,0,0
708,CZ000190,0,0,0,0
709,CZ000191,0,0,0,0
710,CZ000192,0,0,0,0
711,CZ000193,0,0,0,0
712,CZ000194,0,0,0,0
713,CZ000196,0,0,0,0
714,CZ000199,0,0,0,487
715,CZ000201,0,0,0,0
716,CZ000203,0,0,0,0
717,CZ000204,0,0,0,508
718,CZ000205,0,0,0,0
719,CZ000208,0,0,0,0
720,CZ000209,0,0,0,0
721,CZ000210,0,0,0,0
722,CZ000212,0,0,1,0
723,CZ000213,0,0,0,0
724,CZ000214,0,0,0,2487
725,CZ000218,0,0,0,0
726,CZ000223,0,0,0,0
727,CZ000228,0,0,0,660
728,CZ000235,0,0,0,0
729,CZ000238,0,0,0,0
730,CZ000240,0,0,0,0
731,CZ000243,0,0,0,1026
732,CZ000244,0,0,0,0
733,CZ000245,0,0,0,0
734,CZ000247,0,0,0,203
735,CZ000248,0,0,0,1756
736,CZ000251,0,0,0,1026
737,CZ000253,0,0,0,0
738,CZ000254,0,0,0,457
739,CZ000257,0,0,0,1026
740,CZ000258,0,0,0,0
741,CZ000266,0,0,0,0
742,CZ000273,0,0,0,670
743,CZ000275,0,0,0,0
744,CZ000276,0,0,0,0
745,CZ000278,0,0,0,0
746,CZ000280,0,0,0,0
747,CZ000281,0,0,0,0
748,CZ000282,0,0,0,0
749,CZ000283,0,0,0,0
750,CZ000284,0,0,0,0
751,CZ000285,0,0,0,0
752,CZ000288,0,0,0,0
753,CZ000289,0,0,0,0
754,CZ000290,0,0,0,0
755,CZ000293,0,0,0,0
756,CZ000294,0,0,0,0
757,CZ000295,0,0,0,0
758,CZ000296,0,0,0,295
759,CZ000299,0,0,0,0
760,CZ000300,0,0,0,0
761,CZ000301,0,0,0,1026
762,CZ000302,0,0,0,0
763,CZ000304,0,0,0,0
764,CZ000305,0,0,0,0
765,CZ000306,0,0,1,0
766,CZ000307,0,0,1,0
767,CZ000309,0,0,0,0
768,CZ000310,0,0,0,0
769,CZ000312,0,0,0,0
770,CZ000314,0,0,0,0
771,CZ000315,0,0,0,0
772,CZ000316,0,0,0,1026
773,CZ000317,0,0,0,1391
774,CZ000318,0,0,0,660
775,CZ000319,0,0,0,660
776,CZ000320,0,0,0,0
777,CZ000321,0,0,0,0
778,CZ000322,0,0,0,0
779,CZ000324,0,0,0,0
780,CZ000325,0,0,0,0
781,CZ000326,0,0,0,0
782,CZ000327,0,0,0,0
783,CZ000328,0,0,0,0
784,CZ000329,0,0,0,0
785,CZ000330,0,0,0,0
786,CZ000331,0,0,0,0
787,CZ000332,0,0,0,0
788,CZ000333,0,0,0,0
789,CZ000334,0,0,0,1756
790,CZ000339,0,0,0,0
791,CZ000340,0,0,0,1026
792,CZ000341,0,0,0,0
793,CZ000346,0,0,0,0
794,CZ000347,0,0,0,0
795,CZ000348,0,0,0,0
796,CZ000349,0,0,0,0
797,CZ000351,0,0,0,0
798,CZ000352,0,0,0,0
799,CZ000353,0,0,0,0
800,CZ000354,0,0,0,1026
801,CZ000356,0,0,0,0
802,CZ000358,0,0,0,0
803,CZ000363,0,0,0,0
804,CZ000364,0,0,0,0
805,CZ000365,0,0,0,0
806,CZ000366,0,0,0,0
807,CZ000367,0,0,1,0
808,CZ000368,0,0,11,0
809,CZ000369,0,0,0,0
810,CZ000371,0,0,0,0
811,CZ000372,0,0,0,0
812,CZ000373,0,0,0,0
813,CZ000374,0,0,0,0
814,CZ000375,0,0,0,0
815,CZ000376,0,0,0,0
816,CZ000378,0,0,0,0
817,CZ000381,0,0,0,487
818,CZ000382,0,0,0,487
819,CZ000383,0,0,0,0
820,CZ000384,0,0,0,0
821,CZ000385,0,0,0,0
822,CZ000387,0,0,0,2729
823,CZ000388,0,0,0,0
824,CZ000389,0,0,0,0
825,CZ000390,0,0,0,0
826,CZ000391,0,0,0,0
827,CZ000394,0,0,0,0
828,CZ000397,0,0,0,0
829,CZ000400,0,0,0,0
830,CZ000401,0,0,0,0
831,CZ000402,0,0,0,0
832,CZ000403,0,0,0,0
833,CZ000406,0,0,0,0
834,CZ000407,0,0,0,0
835,CZ000408,0,0,0,0
836,CZ000409,0,0,0,0
837,CZ000413,0,0,0,0
838,CZ000416,0,0,0,0
839,CZ000417,0,0,0,295
840,CZ000418,0,0,0,0
841,CZ000419,0,0,0,0
842,CZ000421,0,0,0,0
843,CZ000422,0,0,0,0
844,CZ000423,0,0,0,0
845,CZ000424,0,0,0,0
846,CZ000425,0,0,0,0
847,CZ000426,0,0,0,0
848,CZ000427,0,0,0,0
849,CZ000429,0,0,0,0
850,CZ000430,0,0,0,0
851,CZ000431,0,0,0,0
852,CZ000432,0,0,0,0
853,CZ000433,0,0,0,1756
854,CZ000434,0,0,0,0
855,CZ000435,0,0,0,0
856,CZ000436,0,0,0,1026
857,CZ000437,0,0,0,0
858,CZ000438,0,0,0,0
859,CZ000439,0,0,0,0
860,CZ000440,0,0,0,0
861,CZ000442,0,0,0,457
862,CZ000443,0,0,0,0
863,CZ000445,0,0,0,0
864,CZ000446,0,0,0,0
865,CZ000447,0,0,0,660
866,CZ000448,0,0,0,0
867,CZ000449,0,0,0,0
868,CZ000453,0,0,0,0
869,CZ000454,0,0,0,0
870,CZ000455,0,0,0,0
871,CZ000456,0,0,0,0
872,CZ000457,0,0,0,0
873,CZ000458,0,0,0,0
874,CZ000459,0,0,0,0
875,CZ000461,0,0,0,0
876,CZ000462,0,0,0,0
877,CZ000463,0,0,0,0
878,CZ000465,0,0,0,0
879,CZ000466,0,0,0,0
880,CZ000467,0,0,0,0
881,CZ000468,0,0,0,0
882,CZ000469,0,0,0,0
883,CZ000471,0,0,0,0
884,CZ000472,0,0,0,0
885,CZ000473,0,0,0,0
886,CZ000478,0,0,0,1026
887,CZ000479,0,0,0,0
888,CZ000480,0,0,0,0
889,CZ000481,0,0,0,0
890,CZ000483,0,0,0,0
891,CZ000484,0,0,0,0
892,CZ000485,0,0,0,0
893,CZ000486,0,0,0,0
894,CZ000487,0,0,0,0
895,CZ000488,0,0,0,0
896,CZ000489,0,0,0,0
897,CZ000490,0,0,0,0
898,CZ000491,0,0,0,660
899,CZ000492,0,0,0,0
900,CZ000493,0,0,0,5
901,CZ000494,0,0,0,0
902,CZ000495,0,0,0,0
903,CZ000496,0,0,0,0
904,CZ000500,0,0,0,0
905,CZ000502,0,0,0,0
906,CZ000503,0,0,0,366
907,CZ000504,0,0,0,0
908,CZ000505,0,0,0,0
909,CZ000508,0,0,0,0
910,CZ000509,0,0,0,0
911,CZ000510,0,0,0,0
912,CZ000511,0,0,0,0
913,CZ000512,0,0,0,0
914,CZ000513,0,0,0,0
915,CZ000515,0,0,0,0
916,CZ000516,0,0,0,0
917,CZ000518,0,0,0,0
918,CZ000519,0,0,0,0
919,CZ000520,0,0,0,0
920,CZ000521,0,0,0,0
921,CZ000522,0,0,0,0
922,CZ000523,0,0,0,0
923,CZ000524,0,0,0,0
924,CZ000525,0,0,0,0
925,CZ000527,0,0,0,0
926,CZ000528,0,0,0,0
927,CZ000529,0,0,0,0
928,CZ000533,0,0,0,0
929,CZ000534,0,0,0,0
930,CZ000535,0,0,0,0
931,CZ000536,0,0,0,0
932,CZ000537,0,0,0,0
933,CZ000538,0,0,0,0
934,DEBB0002,0,0,0,0
935,DEBB0004,0,0,0,0
936,DEBB0009,0,0,0,0
937,DEBB0014,0,0,0,1026
938,DEBB0022,0,0,0,0
939,DEBB0027,0,0,0,518
940,DEBB0034,0,0,0,699
941,DEBB0036,0,0,0,0
942,DEBB0039,0,0,0,0
943,DEBB0042,0,0,0,0
944,DEBB0044,0,0,0,0
945,DEBB0045,0,0,0,2618
946,DEBB0048,0,0,0,1026
947,DEBB0052,0,0,0,0
948,DEBB0059,0,0,0,0
949,DEBB0068,0,0,0,0
950,DEBB0074,0,0,0,334
951,DEBB0077,0,0,0,0
952,DEBB0081,0,0,0,334
953,DEBB0088,0,0,0,0
954,DEBB0091,0,0,0,0
955,DEBB0093,0,0,0,0
956,DEBB0095,0,0,0,0
957,DEBB0096,0,0,0,1028
958,DEBB0097,0,0,0,153
959,DEBB0098,0,0,0,2121
960,DEBB0101,0,0,0,304
961,DEBB0102,0,0,0,0
962,DEBB0103,0,0,0,0
963,DEBB0105,0,0,0,0
964,DEBB0115,0,0,0,153
965,DEBB0122,0,0,0,1725
966,DEBB0132,0,0,0,0
967,DEBB0133,0,0,0,365
968,DEBB0136,0,0,0,0
969,DEBB0137,0,0,0,0
970,DEBB0138,0,0,0,0
971,DEBB0139,0,0,0,731
972,DEBB0140,0,0,0,0
973,DEBB0142,0,0,0,0
974,DEBB0143,0,0,0,0
975,DEBB0144,0,0,0,295
976,DEBB0147,0,0,0,0
977,DEBB0153,0,0,0,0
978,DEBW0167,0,0,0,0
979,DEBW0168,0,0,0,0
980,DEBW0169,0,0,0,2121
981,DEBW0170,0,0,0,0
982,DEBW0171,0,0,0,0
983,DEBW0172,0,0,0,0
984,DEBW0173,0,0,0,0
985,DEBW0174,0,0,0,0
986,DEBW0175,0,0,0,0
987,DEBW0176,0,0,0,0
988,DEBW0177,0,0,0,0
989,DEBW0178,0,0,0,92
990,DEBW0179,0,0,0,0
991,DEBW0183,0,0,0,22
992,DEBW0187,0,0,0,9395
993,DEBW0188,0,0,0,0
994,DEBW0191,0,0,0,0
995,DEBW0193,0,0,0,0
996,DEBW0194,0,0,0,0
997,DEBW0195,0,0,0,0
998,DEBW0197,0,0,0,0
999,DEBW0198,0,0,0,0
1000,DEBW0199,0,0,0,91
1001,DEBW0202,0,0,0,0
1002,DEBW0205,0,0,0,295
1003,DEBW0206,0,0,0,0
1004,DEBW0207,0,0,0,0
1005,DEBW0208,0,0,0,1268
1006,DEBW0209,0,0,0,0
1007,DEBW0211,0,0,0,1461
1008,DEBW0212,0,0,0,660
1009,DEBW0213,0,0,0,73
1010,DEBW0215,0,0,0,0
1011,DEBW0216,0,0,0,0
1012,DEBW0217,0,0,0,512
1013,DEBW0218,0,0,0,0
1014,DEBW0219,0,0,0,663
1015,DEBW0220,0,0,0,0
1016,DEBW0221,0,0,0,0
1017,DEBW0222,0,0,0,0
1018,DEBW0223,0,0,0,0
1019,DEBW0224,0,0,0,0
1020,DEBW0225,0,0,0,0
1021,DEBW0226,0,0,0,0
1022,DEBW0227,0,0,0,0
1023,DEBW0230,0,0,0,0
1024,DEBW0231,0,0,0,0
1025,DEBW0234,0,0,0,0
1026,DEBW0235,0,0,0,0
1027,DEBW0236,0,0,0,0
1028,DEBW0238,0,0,0,660
1029,DEBW0239,0,0,0,46
1030,DEBW0240,0,0,0,0
1031,DEBW0242,0,0,0,0
1032,DEBW0244,0,0,0,0
1033,DEBW0245,0,0,0,0
1034,DEBW0247,0,0,0,0
1035,DEBW0248,0,0,0,0
1036,DEBW0249,0,0,0,0
1037,DEBW0250,0,0,0,568
1038,DEBW0251,0,0,0,0
1039,DEBW0252,0,0,0,0
1040,DEBW0255,0,0,0,0
1041,DEBW0256,0,0,0,0
1042,DEBW0257,0,0,0,0
1043,DEBW0259,0,0,0,0
1044,DEBW0261,0,0,0,0
1045,DEBW0262,0,0,0,0
1046,DEBW0266,0,0,0,4
1047,DEBW0267,0,0,0,0
1048,DEBW0268,0,0,0,0
1049,DEBW0269,0,0,0,0
1050,DEBW0270,0,0,0,0
1051,DEBW0271,0,0,0,0
1052,DEBW0272,0,0,0,0
1053,DEBW0273,0,0,5,0
1054,DEBW0274,0,0,0,0
1055,DEBW0275,0,0,0,0
1056,DEBW0276,0,0,1,0
1057,DEBW0279,0,0,1,0
1058,DEBW0280,0,0,0,0
1059,DEBW0281,0,0,0,0
1060,DEBW0282,0,0,0,0
1061,DEBW0283,0,0,1,0
1062,DEBW0286,0,0,0,0
1063,DEBW0287,0,0,5,0
1064,DEBW0288,0,0,0,0
1065,DEBW0290,0,0,0,0
1066,DEBW0291,0,0,0,660
1067,DEBW0292,0,0,0,0
1068,DEBW0293,0,0,0,0
1069,DEBW0295,0,0,0,0
1070,DEBW0296,0,0,0,1756
1071,DEBW0301,0,0,0,1391
1072,DEBW0302,0,0,0,0
1073,DEBW0303,0,0,0,2121
1074,DEBW0304,0,0,0,0
1075,DEBW0305,0,0,0,0
1076,DEBW0309,0,0,0,0
1077,DEBW0310,0,0,0,84
1078,DEBW0311,0,0,0,0
1079,DEBW0313,0,0,0,0
1080,DEBW0314,0,0,0,0
1081,DEBW0316,0,0,0,0
1082,DEBW0317,0,0,0,0
1083,DEBW0318,0,0,0,0
1084,DEBW0319,0,0,0,0
1085,DEBW0320,0,0,0,0
1086,DEBW0321,0,0,0,110
1087,DEBW0322,0,0,0,0
1088,DEBW0323,0,0,0,0
1089,DEBW0324,0,0,0,85
1090,DEBW0325,0,0,0,68
1091,DEBW0327,0,0,0,0
1092,DEBW0328,0,0,0,0
1093,DEBW0329,0,0,0,361
1094,DEBW0330,0,0,0,0
1095,DEBW0331,0,0,0,0
1096,DEBW0335,0,0,0,0
1097,DEBW0336,0,0,0,0
1098,DEBW0337,0,0,0,561
1099,DEBW0339,0,0,0,0
1100,DEBW0340,0,0,0,0
1101,DEBW0341,0,0,0,0
1102,DEBW0342,0,0,0,0
1103,DEBW0343,0,0,0,263
1104,DEBW0344,0,0,0,0
1105,DEBW0346,0,0,0,0
1106,DEBW0347,0,0,0,0
1107,DEBW0352,0,0,0,1483
1108,DEBW0354,0,0,0,1542
1109,DEBW0356,0,0,0,0
1110,DEBW0358,0,0,0,0
1111,DEBW0359,0,0,0,0
1112,DEBW0360,0,0,0,0
1113,DEBW0361,0,0,0,0
1114,DEBW0362,0,0,0,0
1115,DEBW0363,0,0,0,0
1116,DEBW0364,0,0,0,0
1117,DEBW0366,0,0,0,1756
1118,DEBW0368,0,0,0,0
1119,DEBW0369,0,0,0,0
1120,DEBW0370,0,0,0,0
1121,DEBW0371,0,0,0,2303
1122,DEBW0372,0,0,0,0
1123,DEBW0373,0,0,0,0
1124,DEBW0374,0,0,0,0
1125,DEBW0376,0,0,0,1026
1126,DEBW0380,0,0,0,0
1127,DEBW0381,0,0,0,0
1128,DEBW0382,0,0,0,0
1129,DEBW0386,0,0,0,0
1130,DEBW0387,0,0,0,0
1131,DEBW0388,0,0,0,0
1132,DEBW0389,0,0,0,0
1133,DEBW0391,0,0,0,1633
1134,DEBW0392,0,0,0,0
1135,DEBW0393,0,0,0,446
1136,DEBY0394,0,0,0,0
1137,DEBY0395,0,0,0,0
1138,DEBY0397,0,0,0,0
1139,DEBY0398,0,0,0,14
1140,DEBY0401,0,0,0,0
1141,DEBY0402,0,0,0,0
1142,DEBY0403,0,0,0,2735
1143,DEBY0405,0,0,0,0
1144,DEBY0407,0,0,0,0
1145,DEBY0408,0,0,0,0
1146,DEBY0409,0,0,0,0
1147,DEBY0412,0,0,0,0
1148,DEBY0413,0,0,0,0
1149,DEBY0414,0,0,0,0
1150,DEBY0415,0,0,0,0
1151,DEBY0417,0,0,0,0
1152,DEBY0418,0,0,0,0
1153,DEBY0419,0,0,0,0
1154,DEBY0420,0,0,0,0
1155,DEBY0423,0,0,0,0
1156,DEBY0425,0,0,0,0
1157,DEBY0428,0,0,0,0
1158,DEBY0429,0,0,0,0
1159,DEBY0433,0,0,0,0
1160,DEBY0437,0,0,0,0
1161,DEBY0438,0,0,0,0
1162,DEBY0439,0,0,0,0
1163,DEBY0443,0,0,0,0
1164,DEBY0444,0,0,0,0
1165,DEBY0445,0,0,0,0
1166,DEBY0447,0,0,0,1
1167,DEBY0448,0,0,0,0
1168,DEBY0449,0,0,0,0
1169,DEBY0451,0,0,0,0
1170,DEBY0453,0,0,0,1610
1171,DEBY0454,0,0,0,2
1172,DEBY0457,0,0,0,0
1173,DEBY0458,0,0,0,0
1174,DEBY0460,0,0,0,0
1175,DEBY0461,0,0,0,0
1176,DEBY0465,0,0,0,0
1177,DEBY0466,0,0,0,0
1178,DEBY0467,0,0,0,0
1179,DEBY0470,0,0,0,5835
1180,DEBY0472,0,0,0,0
1181,DEBY0473,0,0,0,5
1182,DEBY0474,0,0,0,0
1183,DEBY0475,0,0,0,0
1184,DEBY0476,0,0,0,0
1185,DEBY0478,0,0,0,0
1186,DEBY0479,0,0,0,0
1187,DEBY0481,0,0,0,0
1188,DEBY0485,0,0,0,0
1189,DEBY0487,0,0,0,0
1190,DEBY0488,0,0,0,0
1191,DEBY0490,0,0,0,0
1192,DEBY0491,0,0,0,0
1193,DEBY0493,0,0,0,0
1194,DEBY0494,0,0,0,0
1195,DEBY0495,0,0,0,0
1196,DEBY0497,0,0,0,0
1197,DEBY0498,0,0,0,0
1198,DEBY0500,0,0,0,0
1199,DEBY0510,0,0,0,0
1200,DEBY0511,0,0,0,0
1201,DEBY0514,0,0,0,0
1202,DEBY0515,0,0,0,0
1203,DEBY0516,0,0,0,122
1204,DEBY0520,0,0,0,13
1205,DEBY0523,0,0,0,0
1206,DEBY0526,0,0,0,3
1207,DEBY0529,0,0,0,0
1208,DEBY0532,0,0,0,0
1209,DEBY0534,0,0,0,0
1210,DEBY0536,0,0,0,0
1211,DEBY0537,0,0,0,4
1212,DEBY0539,0,0,0,0
1213,DEBY0541,0,0,0,64
1214,DEBY0542,0,0,0,0
1215,DEBY0545,0,0,0,0
1216,DEBY0546,0,0,0,0
1217,DEBY0547,0,0,0,0
1218,DEBY0549,0,0,0,0
1219,DEBY0550,0,0,0,0
1220,DEBY0554,0,0,0,0
1221,DEBY0556,0,0,0,0
1222,DEBY0557,0,0,0,0
1223,DEBY0558,0,0,0,0
1224,DEBY0560,0,0,0,0
1225,DEBY0562,0,0,0,0
1226,DEBY0563,0,0,0,2
1227,DEBY0566,0,0,0,0
1228,DEBY0567,0,0,0,0
1229,DEBY0569,0,0,0,0
1230,DEBY0570,0,0,0,0
1231,DEBY0572,0,0,0,54
1232,DEBY0578,0,0,0,0
1233,DEBY0580,0,0,0,1
1234,DEBY0582,0,0,0,0
1235,DEBY0583,0,0,0,32
1236,DEBY0584,0,0,0,0
1237,DEBY0585,0,0,0,0
1238,DEBY0586,0,0,0,0
1239,DEBY0589,0,0,0,0
1240,DEBY0596,0,0,0,0
1241,DEBY0602,0,0,0,0
1242,DEBY0603,0,0,0,0
1243,DEBY0606,0,0,0,0
1244,DEBY0607,0,0,0,0
1245,DEBY0608,0,0,0,0
1246,DEBY0612,0,0,0,0
1247,DEBY0616,0,0,0,0
1248,DEBY0620,0,0,0,0
1249,DEBY0622,0,0,0,0
1250,DEBY0623,0,0,0,0
1251,DEBY0624,0,0,0,0
1252,DEBY0626,0,0,0,0
1253,DEBY0628,0,0,0,0
1254,DEBY0630,0,0,0,0
1255,DEBY0631,0,0,0,0
1256,DEBY0632,0,0,0,0
1257,DEBY0633,0,0,0,0
1258,DEBY0635,0,0,0,0
1259,DEBY0637,0,0,0,0
1260,DEBY0641,0,0,0,0
1261,DEBY0642,0,0,0,0
1262,DEBY0643,0,0,0,0
1263,DEBY0644,0,0,0,0
1264,DEBY0645,0,0,0,0
1265,DEBY0647,0,0,0,0
1266,DEBY0648,0,0,0,0
1267,DEBY0649,0,0,0,0
1268,DEBY0651,0,0,0,14
1269,DEBY0652,0,0,0,0
1270,DEBY0653,0,0,0,0
1271,DEBY0655,0,0,0,0
1272,DEBY0657,0,0,0,0
1273,DEBY0660,0,0,0,1
1274,DEBY0662,0,0,0,0
1275,DEBY0666,0,0,0,0
1276,DEBY0667,0,0,0,0
1277,DEBY0673,0,0,0,0
1278,DEBY0675,0,0,0,0
1279,DEBY0676,0,0,0,0
1280,DEBY0677,0,0,0,0
1281,DEBY0679,0,0,0,0
1282,DEBY0680,0,0,0,3198
1283,DEBY0681,0,0,0,1
1284,DEBY0682,0,0,0,0
1285,DEBY0687,0,0,0,0
1286,DEBY0688,0,0,0,0
1287,DEBY0689,0,0,0,0
1288,DEBY0690,0,0,0,0
1289,DEBY0691,0,0,0,0
1290,DEBY0692,0,0,0,0
1291,DEBY0693,0,0,0,0
1292,DEBY0694,0,0,0,0
1293,DEBY0695,0,0,0,0
1294,DEBY0696,0,0,0,0
1295,DEBY0698,0,0,0,0
1296,DEBY0702,0,0,0,0
1297,DEBY0704,0,0,0,0
1298,DEBY0707,0,0,0,0
1299,DEBY0708,0,0,0,0
1300,DEBY0709,0,0,0,0
1301,DEBY0713,0,0,0,0
1302,DEBY0718,0,0,0,0
1303,DEBY0722,0,0,0,0
1304,DEBY0725,0,0,0,30
1305,DEBY0726,0,0,0,0
1306,DEBY0728,0,0,0,1
1307,DEBY0729,0,0,0,0
1308,DEBY0734,0,0,0,0
1309,DEBY0735,0,0,0,0
1310,DEBY0736,0,0,0,0
1311,DEBY0737,0,0,0,0
1312,DEBY0739,0,0,0,0
1313,DEBY0741,0,0,0,0
1314,DEBY0742,0,0,0,0
1315,DEBY0743,0,0,0,0
1316,DEBY0746,0,0,0,0
1317,DEBY0747,0,0,0,2
1318,DEBY0748,0,0,0,0
1319,DEBY0749,0,0,0,0
1320,DEBY0752,0,0,0,0
1321,DEBY0753,0,0,0,0
1322,DEBY0754,0,0,0,0
1323,DEBY0755,0,0,0,0
1324,DEBY0756,0,0,0,5170
1325,DEBY0757,0,0,0,0
1326,DEBY0758,0,0,0,0
1327,DEBY0760,0,0,0,19
1328,DEBY0761,0,0,0,0
1329,DEBY0762,0,0,0,0
1330,DEBY0764,0,0,0,0
1331,DEBY0765,0,0,0,0
1332,DEBY0766,0,0,0,21
1333,DEBY0767,0,0,0,6200
1334,DEBY0768,0,0,0,0
1335,DEBY0770,0,0,0,0
1336,DEBY0771,0,0,0,0
1337,DEBY0774,0,0,0,0
1338,DEBY0776,0,0,0,0
1339,DEBY0777,0,0,0,0
1340,DEBY0778,0,0,0,0
1341,DEBY0779,0,0,0,0
1342,DEBY0780,0,0,0,0
1343,DEBY0785,0,0,0,0
1344,DEBY0790,0,0,0,0
1345,DEBY0792,0,0,0,63
1346,DEBY0794,0,0,0,44
1347,DEBY0798,0,0,0,0
1348,DEBY0805,0,0,0,0
1349,DEBY0806,0,0,0,0
1350,DEBY0807,0,0,0,0
1351,DEBY0808,0,0,0,0
1352,DEBY0809,0,0,0,0
1353,DEBY0810,0,0,0,0
1354,DEBY0811,0,0,0,0
1355,DEBY0814,0,0,0,0
1356,DEBY0815,0,0,0,0
1357,DEBY0816,0,0,0,0
1358,DEBY0819,0,0,0,0
1359,DEBY0820,0,0,0,0
1360,DEBY0821,0,0,0,0
1361,DEBY0825,0,0,1,6200
1362,DEBY0826,0,0,1,0
1363,DEBY0828,0,0,0,0
1364,DEBY0829,0,0,0,0
1365,DEBY0830,0,0,0,0
1366,DEBY0837,0,0,0,0
1367,DEBY0844,0,0,0,0
1368,DEBY0845,0,0,0,0
1369,DEBY0847,0,0,1,0
1370,DEBY0848,0,0,0,0
1371,DEBY0850,0,0,0,0
1372,DEBY0852,0,0,0,0
1373,DEBY0853,0,0,0,0
1374,DEBY0854,0,0,0,0
1375,DEBY0856,0,0,0,0
1376,DEBY0857,0,0,0,0
1377,DEBY0858,0,0,0,0
1378,DEBY0859,0,0,0,0
1379,DEBY0862,0,0,0,0
1380,DEBY0863,0,0,0,0
1381,DEBY0864,0,0,0,0
1382,DEBY0869,0,0,0,1
1383,DEBY0871,0,0,0,0
1384,DEBY0873,0,0,0,0
1385,DEBY0876,0,0,0,0
1386,DEBY0877,0,0,0,5
1387,DEBY0878,0,0,0,0
1388,DEBY0879,0,0,0,0
1389,DEBY0880,0,0,0,0
1390,DEBY0881,0,0,0,0
1391,DEBY0885,0,0,0,0
1392,DEBY0887,0,0,0,0
1393,DEBY0888,0,0,0,0
1394,DEBY0890,0,0,0,0
1395,DEBY0895,0,0,0,0
1396,DEBY0896,0,0,0,0
1397,DEBY0897,0,0,0,0
1398,DEBY0901,0,0,0,0
1399,DEHE0902,0,0,0,0
1400,DEHE0904,0,0,0,0
1401,DEHE0905,0,0,0,0
1402,DEHE0906,0,0,0,0
1403,DEHE0907,0,0,0,0
1404,DEHE0909,0,0,0,0
1405,DEHE0911,0,0,0,0
1406,DEHE0912,0,0,0,0
1407,DEHE0913,0,0,0,0
1408,DEHE0914,0,0,0,0
1409,DEHE0915,0,0,0,0
1410,DEHE0917,0,0,0,0
1411,DEHE0918,0,0,0,0
1412,DEHE0921,0,0,0,0
1413,DEHE0922,0,0,0,1391
1414,DEHE0923,0,0,0,0
1415,DEHE0924,0,0,0,0
1416,DEHE0925,0,0,0,0
1417,DEHE0926,0,0,0,0
1418,DEHE0927,0,0,0,0
1419,DEHE0928,0,0,0,0
1420,DEHE0930,0,0,0,365
1421,DEHE0931,0,0,0,0
1422,DEHE0932,0,0,0,0
1423,DEHE0933,0,0,0,0
1424,DEHE0934,0,0,0,0
1425,DEHE0935,0,0,0,0
1426,DEHE0936,0,0,0,0
1427,DEHE0937,0,0,0,0
1428,DEHE0938,0,0,0,0
1429,DEHE0939,0,0,0,0
1430,DEHE0940,0,0,0,0
1431,DEHE0941,0,0,0,0
1432,DEHE0943,0,0,0,0
1433,DEHE0944,0,0,0,0
1434,DEHE0945,0,0,0,0
1435,DEHE0947,0,0,0,0
1436,DEHE0948,0,0,0,0
1437,DEHE0950,0,0,0,0
1438,DEHE0951,0,0,0,0
1439,DEHE0952,0,0,0,0
1440,DEHE0954,0,0,0,0
1441,DEHE0957,0,0,0,304
1442,DEHE0958,0,0,0,0
1443,DEHE0959,0,0,0,0
1444,DEHE0960,0,0,0,0
1445,DEHE0962,0,0,0,0
1446,DEHE0963,0,0,0,0
1447,DEHE0964,0,0,0,0
1448,DEHE0965,0,0,0,0
1449,DEHE0966,0,0,0,0
1450,DEHE0967,0,0,0,0
1451,DEHE0968,0,0,0,0
1452,DEHE0969,0,0,0,0
1453,DEHE0971,0,0,0,0
1454,DEHE0973,0,0,0,0
1455,DEHE0974,0,0,0,0
1456,DEHE0975,0,0,0,0
1457,DEHE0977,0,0,0,0
1458,DEHE0978,0,0,0,0
1459,DEHE0979,0,0,0,0
1460,DEHE0980,0,0,0,0
1461,DEHE0981,0,0,0,0
1462,DEHE0983,0,0,0,0
1463,DEHE0984,0,0,0,0
1464,DEHE0985,0,0,0,0
1465,DEHE0986,0,0,0,0
1466,DEHE0987,0,0,0,0
1467,DEHE0988,0,0,0,0
1468,DEHE0989,0,0,0,0
1469,DEHE0991,0,0,0,0
1470,DEHE0992,0,0,0,0
1471,DEHE0993,0,0,0,0
1472,DEHE0994,0,0,0,0
1473,DEHE0996,0,0,0,1618
1474,DEHE0997,0,0,0,0
1475,DEHE0998,0,0,0,0
1476,DEHE0999,0,0,0,0
1477,DEHE1001,0,0,0,0
1478,DEHE1002,0,0,0,0
1479,DEHE1003,0,0,0,0
1480,DEHE1005,0,0,0,0
1481,DEHE1006,0,0,0,0
1482,DEHE1009,0,0,0,568
1483,DEHE1011,0,0,0,0
1484,DEHE1012,0,0,0,0
1485,DEHE1016,0,0,0,0
1486,DEHE1017,0,0,0,0
1487,DEHE1018,0,0,0,0
1488,DEHE1020,0,0,0,0
1489,DENI1821,0,0,0,0
1490,DENI1822,0,0,0,0
1491,DENI1823,0,0,0,0
1492,DENI1824,0,0,0,0
1493,DENI1825,0,0,0,0
1494,DENI1826,0,0,0,0
1495,DENI1830,0,0,0,0
1496,DENI1832,0,0,0,0
1497,DENI1834,0,0,0,0
1498,DENI1836,0,0,0,0
1499,DENI1841,0,0,0,0
1500,DENI1844,0,0,0,0
1501,DENI1845,0,0,0,0
1502,DENI1846,0,0,0,0
1503,DENI1850,0,0,0,0
1504,DENI1854,0,0,0,9122
1505,DENI1855,0,0,0,365
1506,DENI1858,0,0,0,0
1507,DENI1859,0,0,0,0
1508,DENI1860,0,0,0,0
1509,DENI1861,0,0,0,0
1510,DENI1863,0,0,0,0
1511,DENI1864,0,0,0,0
1512,DENI1865,0,0,0,0
1513,DENI1869,0,0,0,0
1514,DENI1870,0,0,0,0
1515,DENI1871,0,0,0,0
1516,DENI1873,0,0,0,4
1517,DENI1874,0,0,0,0
1518,DENI1875,0,0,0,2182
1519,DENI1876,0,0,0,0
1520,DENI1877,0,0,0,0
1521,DENI1881,0,0,0,0
1522,DENI1883,0,0,0,0
1523,DENI1885,0,0,0,0
1524,DENI1886,0,0,0,0
1525,DENI1889,0,0,0,8674
1526,DENI1890,0,0,0,0
1527,DENI1891,0,0,0,0
1528,DENI1895,0,0,0,0
1529,DENI1897,0,0,0,0
1530,DENI1904,0,0,0,0
1531,DENI1906,0,0,0,116
1532,DENI1907,0,0,0,0
1533,DENI1913,0,0,0,0
1534,DENI1914,0,0,0,0
1535,DENI1916,0,0,0,0
1536,DENI1918,0,0,0,0
1537,DENI1919,0,0,0,0
1538,DENI1920,0,0,0,0
1539,DENI1922,0,0,0,0
1540,DENI1924,0,0,0,0
1541,DENI1925,0,0,0,0
1542,DENI1926,0,0,0,0
1543,DENI1929,0,0,0,0
1544,DENI1931,0,0,0,0
1545,DENI1933,0,0,0,0
1546,DENI1934,0,0,0,0
1547,DENI1935,0,0,0,0
1548,DENI1936,0,0,0,1391
1549,DENI1937,0,0,0,0
1550,DENI1938,0,0,0,0
1551,DENI1939,0,0,0,0
1552,DENI1940,0,0,0,0
1553,DENI1941,0,0,0,0
1554,DENI1942,0,0,0,0
1555,DENI1943,0,0,0,0
1556,DENW1023,0,0,0,0
1557,DENW1025,0,0,0,0
1558,DENW1026,0,0,0,683
1559,DENW1028,0,0,0,0
1560,DENW1032,0,0,0,0
1561,DENW1033,0,0,0,0
1562,DENW1035,0,0,0,0
1563,DENW1036,0,0,0,34
1564,DENW1040,0,0,0,1485
1565,DENW1041,0,0,0,0
1566,DENW1042,0,0,0,0
1567,DENW1043,0,0,0,0
1568,DENW1044,0,0,0,0
1569,DENW1046,0,0,0,0
1570,DENW1048,0,0,0,0
1571,DENW1050,0,0,0,0
1572,DENW1054,0,0,0,317
1573,DENW1056,0,0,0,1
1574,DENW1058,0,0,0,0
1575,DENW1059,0,0,0,0
1576,DENW1061,0,0,0,0
1577,DENW1062,0,0,0,0
1578,DENW1069,0,0,0,0
1579,DENW1070,0,0,0,0
1580,DENW1071,0,0,0,0
1581,DENW1074,0,0,0,0
1582,DENW1075,0,0,0,0
1583,DENW1077,0,0,0,0
1584,DENW1081,0,0,0,0
1585,DENW1085,0,0,0,0
1586,DENW1086,0,0,0,0
1587,DENW1092,0,0,0,8
1588,DENW1096,0,0,0,0
1589,DENW1097,0,0,0,1
1590,DENW1100,0,0,0,0
1591,DENW1103,0,0,0,0
1592,DENW1106,0,0,0,4
1593,DENW1113,0,0,0,192
1594,DENW1114,0,0,0,0
1595,DENW1117,0,0,0,0
1596,DENW1119,0,0,0,0
1597,DENW1120,0,0,0,0
1598,DENW1121,0,0,0,0
1599,DENW1122,0,0,0,0
1600,DENW1127,0,0,0,4
1601,DENW1132,0,0,0,0
1602,DENW1137,0,0,0,0
1603,DENW1138,0,0,0,0
1604,DENW1143,0,0,0,0
1605,DENW1148,0,0,0,0
1606,DENW1151,0,0,0,58
1607,DENW1152,0,0,0,0
1608,DENW1154,0,0,0,0
1609,DENW1155,0,0,0,0
1610,DENW1157,0,0,0,0
1611,DENW1164,0,0,0,0
1612,DENW1166,0,0,0,0
1613,DENW1168,0,0,0,0
1614,DENW1169,0,0,0,0
1615,DENW1171,0,0,0,1391
1616,DENW1172,0,0,0,1
1617,DENW1175,0,0,0,1
1618,DENW1178,0,0,0,0
1619,DENW1183,0,0,0,0
1620,DENW1184,0,0,0,0
1621,DENW1186,0,0,0,0
1622,DENW1188,0,0,0,0
1623,DENW1189,0,0,0,0
1624,DENW1193,0,0,0,0
1625,DENW1194,0,0,0,0
1626,DENW1195,0,0,0,0
1627,DENW1196,0,0,0,295
1628,DENW1197,0,0,0,0
1629,DENW1199,0,0,0,0
1630,DENW1201,0,0,0,0
1631,DENW1202,0,0,0,0
1632,DENW1203,0,0,0,0
1633,DENW1204,0,0,0,295
1634,DENW1205,0,0,0,0
1635,DENW1207,0,0,0,0
1636,DENW1208,0,0,0,0
1637,DENW1210,0,0,0,0
1638,DENW1212,0,0,0,0
1639,DENW1213,0,0,0,0
1640,DENW1214,0,0,0,0
1641,DENW1218,0,0,0,299
1642,DENW1222,0,0,0,0
1643,DENW1225,0,0,0,5
1644,DENW1227,0,0,0,0
1645,DENW1228,0,0,0,7
1646,DENW1231,0,0,0,0
1647,DENW1234,0,0,0,0
1648,DENW1236,0,0,0,0
1649,DENW1238,0,0,0,0
1650,DENW1241,0,0,0,0
1651,DENW1242,0,0,0,0
1652,DENW1243,0,0,0,0
1653,DENW1246,0,0,0,637
1654,DENW1248,0,0,0,0
1655,DENW1251,0,0,0,0
1656,DENW1256,0,0,0,0
1657,DENW1257,0,0,0,0
1658,DENW1258,0,0,0,1
1659,DENW1262,0,0,0,0
1660,DENW1266,0,0,0,0
1661,DENW1268,0,0,0,0
1662,DENW1269,0,0,0,0
1663,DENW1271,0,0,0,0
1664,DENW1272,0,0,0,0
1665,DENW1277,0,0,0,5813
1666,DENW1278,0,0,0,225
1667,DENW1279,0,0,0,0
1668,DENW1280,0,0,0,0
1669,DENW1281,0,0,0,0
1670,DENW1282,0,0,0,0
1671,DENW1283,0,0,0,0
1672,DENW1284,0,0,0,0
1673,DENW1286,0,0,0,0
1674,DENW1287,0,0,0,0
1675,DENW1289,0,0,0,0
1676,DERP1962,0,0,0,0
1677,DERP1963,0,0,0,0
1678,DERP1964,0,0,0,0
1679,DERP1965,0,0,0,0
1680,DERP1966,0,0,0,0
1681,DERP1967,0,0,0,0
1682,DERP1969,0,0,0,0
1683,DERP1970,0,0,0,0
1684,DERP1971,0,0,0,0
1685,DERP1972,0,0,0,0
1686,DERP1973,0,0,0,0
1687,DERP1974,0,0,0,0
1688,DERP1976,0,0,0,0
1689,DERP1977,0,0,0,0
1690,DERP1978,0,0,0,0
1691,DERP1979,0,0,0,0
1692,DERP1980,0,0,0,0
1693,DERP1981,0,0,0,0
1694,DERP1982,0,0,0,0
1695,DERP1983,0,0,0,0
1696,DERP1984,0,0,0,0
1697,DERP1985,0,0,0,0
1698,DERP1986,0,0,0,0
1699,DERP1987,0,0,0,0
1700,DERP1988,0,0,0,0
1701,DERP1989,0,0,0,0
1702,DERP1990,0,0,0,0
1703,DERP1991,0,0,0,0
1704,DERP1992,0,0,0,0
1705,DERP1993,0,0,0,0
1706,DERP1994,0,0,0,0
1707,DERP1995,0,0,0,0
1708,DERP1996,0,0,0,0
1709,DERP1997,0,0,0,0
1710,DERP1998,0,0,0,0
1711,DERP1999,0,0,0,0
1712,DERP2000,0,0,0,0
1713,DERP2001,0,0,0,0
1714,DERP2002,0,0,0,0
1715,DERP2005,0,0,0,0
1716,DERP2006,0,0,0,0
1717,DERP2007,0,0,0,0
1718,DERP2008,0,0,0,0
1719,DERP2009,0,0,0,0
1720,DERP2010,0,0,0,0
1721,DERP2011,0,0,0,0
1722,DERP2012,0,0,0,0
1723,DERP2013,0,0,0,0
1724,DERP2017,0,0,0,0
1725,DERP2018,0,0,0,0
1726,DERP2019,0,0,1,0
1727,DERP2026,0,0,0,0
1728,DERP2027,0,0,0,0
1729,DERP2028,0,0,0,0
1730,DERP2029,0,0,0,0
1731,DERP2030,0,0,0,0
1732,DERP2031,0,0,0,0
1733,DERP2032,0,0,0,0
1734,DERP2033,0,0,0,0
1735,DERP2034,0,0,0,0
1736,DERP2035,0,0,0,0
1737,DERP2036,0,0,0,0
1738,DERP2037,0,0,0,0
1739,DERP2038,0,0,0,0
1740,DERP2039,0,0,0,0
1741,DERP2040,0,0,0,0
1742,DERP2041,0,0,0,0
1743,DERP2042,0,0,0,0
1744,DERP2043,0,0,0,0
1745,DERP2044,0,0,0,0
1746,DERP2045,0,0,0,0
1747,DERP2046,0,0,0,0
1748,DERP2047,0,0,0,0
1749,DERP2048,0,0,0,0
1750,DERP2049,0,0,0,0
1751,DERP2050,0,0,0,0
1752,DERP2051,0,0,0,0
1753,DERP2052,0,0,0,0
1754,DERP2053,0,0,0,0
1755,DERP2054,0,0,0,0
1756,DESH1294,0,0,0,618
1757,DESH1300,0,0,0,287
1758,DESH1301,0,0,0,287
1759,DESH1302,0,0,0,287
1760,DESH1305,0,0,0,1162
1761,DESH1309,0,0,0,287
1762,DESH1310,0,0,0,287
1763,DESH1311,0,0,0,287
1764,DESH1313,0,0,0,941
1765,DESH1319,0,0,0,287
1766,DESH1322,0,0,0,287
1767,DESH1325,0,0,0,287
1768,DESH1328,0,0,0,287
1769,DESH1334,0,0,0,287
1770,DESH1340,0,0,0,770
1771,DESH1341,0,0,0,287
1772,DESH1344,0,0,0,287
1773,DESH1348,0,0,0,287
1774,DESH1355,0,0,0,287
1775,DESH1356,0,0,0,777
1776,DESH1359,0,0,0,2190
1777,DESH1367,0,0,0,288
1778,DESH1379,0,0,0,287
1779,DESH1380,0,0,0,321
1780,DESH1383,0,0,0,287
1781,DESH1388,0,0,0,287
1782,DESH1391,0,0,0,287
1783,DESH1395,0,0,0,2088
1784,DESH1396,0,0,0,2149
1785,DESH1403,0,0,0,2088
1786,DESH1415,0,0,0,287
1787,DESH1417,0,0,0,557
1788,DESH1422,0,0,0,924
1789,DESH1425,0,0,0,287
1790,DESH1426,0,0,0,287
1791,DESH1430,0,0,0,1943
1792,DESH1434,0,0,0,287
1793,DESH1443,0,0,0,287
1794,DESH1444,0,0,0,287
1795,DESH1449,0,0,0,926
1796,DESH1450,0,0,0,287
1797,DESH1454,0,0,0,287
1798,DESH1456,0,0,0,308
1799,DESH1457,0,0,0,287
1800,DESH1459,0,0,0,287
1801,DESH1460,0,0,0,287
1802,DESH1461,0,0,0,287
1803,DESH1462,0,0,0,287
1804,DESH1465,0,0,0,287
1805,DESH1468,0,0,0,287
1806,DESH1469,0,0,0,777
1807,DESH1470,0,0,0,287
1808,DESH1482,0,0,0,287
1809,DESH1488,0,0,0,287
1810,DESH1489,0,0,0,287
1811,DESH1491,0,0,0,287
1812,DESH1493,0,0,0,287
1813,DESH1498,0,0,0,2641
1814,DESH1499,0,0,0,287
1815,DESH1502,0,0,0,287
1816,DESH1504,0,0,0,287
1817,DESH1507,0,0,0,287
1818,DESH1512,0,0,0,287
1819,DESH1515,0,0,0,287
1820,DESH1518,0,0,0,287
1821,DESH1521,0,0,0,287
1822,DESH1522,0,0,0,287
1823,DESH1524,0,0,0,287
1824,DESH1525,0,0,0,432
1825,DESH1526,0,0,0,287
1826,DESN1529,0,0,0,365
1827,DESN1541,0,0,0,0
1828,DESN1542,0,0,0,0
1829,DESN1545,0,0,0,0
1830,DESN1548,0,0,0,0
1831,DESN1551,0,0,0,0
1832,DESN1555,0,0,0,0
1833,DESN1560,0,0,0,974
1834,DESN1563,0,0,0,0
1835,DESN1565,0,0,0,0
1836,DESN1566,0,0,0,0
1837,DESN1568,0,0,0,0
1838,DESN1573,0,0,0,0
1839,DESN1574,0,0,0,0
1840,DESN1576,0,0,0,0
1841,DESN1578,0,0,0,660
1842,DESN1579,0,0,0,0
1843,DESN1585,0,0,0,0
1844,DESN1591,0,0,0,28
1845,DESN1593,0,0,0,1300
1846,DESN1600,0,0,0,0
1847,DESN1607,0,0,0,0
1848,DESN1609,0,0,0,1391
1849,DESN1610,0,0,0,0
1850,DESN1614,0,0,0,2100
1851,DESN1616,0,0,0,242
1852,DESN1620,0,0,0,23
1853,DESN1621,0,0,0,297
1854,DESN1622,0,0,0,1096
1855,DESN1623,0,0,0,0
1856,DESN1632,0,0,0,0
1857,DESN1633,0,0,0,0
1858,DESN1636,0,0,0,660
1859,DESN1637,0,0,0,365
1860,DESN1638,0,0,0,0
1861,DESN1645,0,0,0,1095
1862,DESN1646,0,0,0,1
1863,DESN1649,0,0,0,2638
1864,DESN1655,0,0,0,0
1865,DESN1662,0,0,0,0
1866,DESN1666,0,0,0,32
1867,DESN1676,0,0,0,295
1868,DESN1678,0,0,0,0
1869,DESN1679,0,0,0,0
1870,DESN1682,0,0,0,0
1871,DESN1687,0,0,0,0
1872,DESN1688,0,0,0,0
1873,DESN1690,0,0,0,0
1874,DEST1696,0,0,0,1061
1875,DEST1697,0,0,0,0
1876,DEST1698,0,0,0,0
1877,DEST1699,0,0,0,0
1878,DEST1700,0,0,0,1026
1879,DEST1701,0,0,0,1026
1880,DEST1703,0,0,0,0
1881,DEST1705,0,0,0,2548
1882,DEST1706,0,0,0,2334
1883,DEST1715,0,0,0,0
1884,DEST1716,0,0,0,575
1885,DEST1718,0,0,0,598
1886,DEST1719,0,0,0,584
1887,DEST1721,0,0,0,237
1888,DEST1722,0,0,0,0
1889,DEST1723,0,0,0,338
1890,DEST1724,0,0,0,980
1891,DEST1730,0,0,0,1069
1892,DEST1732,0,0,0,1355
1893,DEST1733,0,0,0,20
1894,DEST1735,0,0,0,0
1895,DEST1736,0,0,0,0
1896,DEST1737,0,0,0,0
1897,DEST1738,0,0,0,0
1898,DEST1739,0,0,0,0
1899,DEST1740,0,0,0,517
1900,DEST1741,0,0,0,819
1901,DEST1742,0,0,0,0
1902,DEST1746,0,0,0,179
1903,DEST1747,0,0,0,0
1904,DEST1749,0,0,0,0
1905,DEST1750,0,0,0,0
1906,DEST1753,0,0,0,0
1907,DEST1754,0,0,0,0
1908,DEST1755,0,0,0,0
1909,DEST1756,0,0,0,0
1910,DEST1757,0,0,0,0
1911,DEST1761,0,0,0,0
1912,DEST1762,0,0,0,0
1913,DEST1763,0,0,0,0
1914,DEST1764,0,0,0,523
1915,DEST1765,0,0,0,0
1916,DEST1766,0,0,0,365
1917,DEST1767,0,0,0,0
1918,DEST1768,0,0,0,0
1919,DEST1770,0,0,0,0
1920,DEST1773,0,0,0,0
1921,DEST1775,0,0,0,0
1922,DEST1777,0,0,0,0
1923,DEST1778,0,0,0,2121
1924,DEST1779,0,0,0,0
1925,DEST1782,0,0,0,295
1926,DEST1783,0,0,0,295
1927,DEST1785,0,0,0,0
1928,DEST1786,0,0,0,438
1929,DEST1787,0,0,0,660
1930,DEST1788,0,0,0,1756
1931,DEST1789,0,0,0,2121
1932,DEST1790,0,0,0,0
1933,DEST1791,0,0,0,0
1934,DEST1792,0,0,0,0
1935,DEST1799,0,0,0,1391
1936,DEST1801,0,0,0,0
1937,DEST1805,0,0,0,0
1938,DEST1809,0,0,0,1391
1939,DEST1810,0,0,0,1391
1940,DEST1811,0,0,0,1026
1941,DEST1812,0,0,0,1026
1942,DEST1813,0,0,0,0
1943,DEST1816,0,0,0,0
1944,DEST1817,0,0,0,1026
1945,DEST1818,0,0,0,0
1946,DEST1820,0,0,0,1026
1947,DETH2055,0,0,0,0
1948,DETH2056,0,0,0,0
1949,DETH2057,0,0,0,0
1950,DETH2058,0,0,0,660
1951,DETH2059,0,0,0,0
1952,DETH2060,0,0,0,0
1953,DETH2064,0,0,0,0
1954,DETH2065,0,0,0,0
1955,DETH2066,0,0,0,0
1956,DETH2067,0,0,0,0
1957,DETH2068,0,0,0,0
1958,DETH2069,0,0,0,0
1959,DETH2071,0,0,0,0
1960,DETH2072,0,0,0,0
1961,DETH2074,0,0,0,0
1962,DETH2075,0,0,0,0
1963,DETH2076,0,0,0,660
1964,DETH2083,0,0,0,0
1965,DETH2084,0,0,0,295
1966,DETH2085,0,0,0,0
1967,DETH2086,0,0,0,0
1968,DETH2087,0,0,0,0
1969,DETH2088,0,0,0,0
1970,DETH2089,0,0,0,0
1971,DETH2090,0,0,0,0
1972,DETH2091,0,0,0,0
1973,DETH2092,0,0,0,0
1974,DETH2093,0,0,0,0
1975,DETH2097,0,0,0,0
1976,DETH2098,0,0,0,0
1977,DETH2100,0,0,0,0
1978,DETH2101,0,0,0,0
1979,DETH2102,0,0,0,365
1980,DETH2103,0,0,0,0
1981,DETH2104,0,0,0,0
1982,DETH2105,0,0,0,0
1983,DETH2106,0,0,0,0
1984,DETH2107,0,0,0,0
1985,DETH2108,0,0,0,0
1986,DETH2109,0,0,0,0
1987,DETH2110,0,0,0,0
1988,DK000001,0,0,2,0
1989,DK000003,0,0,2,0
1990,DK000005,0,0,3,0
1991,DK000014,0,0,2,0
1992,DK000028,0,0,1,945
1993,DK000033,0,0,0,0
1994,DK000035,0,0,1,0
1995,DK000042,0,0,4,0
1996,DK000043,0,0,1,0
1997,DK000044,0,0,5,0
1998,DK000047,0,0,4,0
1999,DK000050,0,0,1,0
2000,DK000069,0,0,1,0
2001,DK000074,0,0,0,0
2002,DK000078,0,0,0,0
2003,DK000083,0,0,1,0
2004,DK000096,0,0,0,1
2005,DK000102,0,0,0,0
2006,DK000108,0,0,0,0
2007,DK000109,0,0,0,0
2008,DK000115,0,0,2,0
2009,DK000124,0,0,0,0
2010,DK000128,0,0,4,0
2011,DK000137,0,0,5,0
2012,DK000155,0,0,0,0
2013,DK000156,0,0,0,0
2014,DK000161,0,0,0,0
2015,DK000175,0,0,1,0
2016,DK000192,0,0,2,0
2017,DK000196,0,0,3,0
2018,DK000200,0,0,2,0
2019,DK000206,0,0,0,211
2020,DK000225,0,0,5,731
2021,DK000230,0,0,4,0
2022,DK000232,0,0,0,0
2023,DK000245,0,0,0,0
2024,DK000247,0,0,3,0
2025,DK000248,0,0,5,0
2026,DK000259,0,0,3,0
2027,DK000269,0,0,4,0
2028,DK000270,0,0,4,0
2029,DK000271,0,0,4,1004
2030,DK000292,0,0,4,0
2031,DK000294,0,0,0,0
2032,DK000296,0,0,0,0
2033,DK000297,0,0,3,0
2034,DK000308,0,0,1,1087
2035,DK000313,0,0,3,0
2036,DK000316,0,0,0,0
2037,DK000319,0,0,2,0
2038,DK000335,0,0,0,0
2039,DK000359,0,0,2,14
2040,DK000365,0,0,1,0
2041,DK000382,0,0,0,0
2042,DK000383,0,0,1,0
2043,DK000384,0,0,1,365
2044,DK000394,0,0,4,0
2045,DK000402,0,0,0,0
2046,DK000421,0,0,2,0
2047,DK000436,0,0,3,0
2048,DK000440,0,0,0,0
2049,DK000444,0,0,2,0
2050,DK000453,0,0,5,744
2051,DK000482,0,0,1,0
2052,DK000484,0,0,4,0
2053,DK000485,0,0,1,0
2054,DK000488,0,0,0,0
2055,DK000494,0,0,2,0
2056,DK000497,0,0,1,0
2057,DK000502,0,0,0,0
2058,DK000519,0,0,4,0
2059,DK000539,0,0,0,1452
2060,DK000547,0,0,0,1020
2061,DK000564,0,0,2,0
2062,DK000566,0,0,6,0
2063,DK000573,0,0,3,0
2064,DK000578,0,0,1,0
2065,DK000581,0,0,2,356
2066,DK000602,0,0,4,0
2067,DK000604,0,0,2,0
2068,DK000621,0,0,3,0
2069,DK000639,0,0,0,0
2070,DK000641,0,0,0,0
2071,DK000649,0,0,0,0
2072,DK000650,0,0,0,0
2073,DK000660,0,0,0,0
2074,DK000668,0,0,2,0
2075,DK000669,0,0,2,0
2076,DK000670,0,0,2,0
2077,DK000671,0,0,2,0
2078,DK000693,0,0,0,0
2079,DK000705,0,0,8,0
2080,DK000707,0,0,3,0
2081,DK000717,0,0,1,0
2082,DK000729,0,0,0,0
2083,DK000733,0,0,0,0
2084,DK000759,0,0,0,0
2085,DK000764,0,0,2,0
2086,DK000769,0,0,0,0
2087,DK000789,0,0,11,0
2088,DK000790,0,0,11,366
2089,DK000791,0,0,2,0
2090,DK000792,0,0,2,366
2091,DK000793,0,0,11,0
2092,DK000794,0,0,2,0
2093,DK000830,0,0,0,1087
2094,DK000846,0,0,0,0
2095,DK000847,0,0,0,0
2096,DK000855,0,0,0,0
2097,DK000870,0,0,0,0
2098,DK000875,0,0,0,0
2099,DK000877,0,0,0,0
2100,DK000895,0,0,3,0
2101,DK000896,0,0,4,0
2102,DK000899,0,0,0,0
2103,DK000903,0,0,0,0
2104,DK000908,0,0,3,2191
2105,DK000911,0,0,3,0
2106,DK000923,0,0,2,0
2107,DK000931,0,0,1,0
2108,DK000935,0,0,2,15
2109,DK000936,0,0,1,0
2110,DK000952,0,0,0,356
2111,DK000954,0,0,3,0
2112,DK000960,0,0,1,1794
2113,DK000968,0,0,2,0
2114,DK000969,0,0,1,0
2115,DK000978,0,0,2,0
2116,DK000982,0,0,0,0
2117,DK000983,0,0,2,0
2118,DK000986,0,0,0,0
2119,DK000987,0,0,3,0
2120,DK000990,0,0,1,0
2121,DK000991,0,0,5,0
2122,DK000996,0,0,0,0
2123,DK001000,0,0,1,0
2124,DK001001,0,0,0,0
2125,DK001002,0,0,0,0
2126,DK001007,0,0,0,0
2127,ES000015,0,0,0,21
2128,ES000016,0,0,0,667
2129,ES000022,0,0,0,28
2130,ES000023,0,0,0,1818
2131,ES000027,0,0,0,169
2132,ES000028,0,0,0,98
2133,ES000039,0,0,0,2313
2134,ES000048,0,0,0,113
2135,ES000051,0,0,0,1812
2136,ES000052,0,0,0,48
2137,ES000059,0,0,0,365
2138,ES000062,0,0,0,25
2139,ES000063,0,0,0,1
2140,ES000066,0,0,0,20
2141,ES000069,0,0,0,49
2142,ES000072,0,0,0,43
2143,ES000074,0,0,0,72
2144,ES000075,0,0,0,730
2145,ES000078,0,0,0,730
2146,ES000081,0,0,0,365
2147,ES000084,0,0,0,11
2148,ES000085,0,0,0,255
2149,ES000095,0,0,0,77
2150,ES000102,0,0,0,791
2151,ES000103,0,0,0,366
2152,ES000106,0,0,0,142
2153,ES000111,0,0,0,0
2154,ES000112,0,0,0,0
2155,ES000113,0,0,0,332
2156,ES000117,0,0,0,365
2157,ES000120,0,0,0,0
2158,ES000121,0,0,0,0
2159,ES000122,0,0,0,730
2160,ES000125,0,0,0,0
2161,ES000129,0,0,0,0
2162,ES000131,0,0,0,0
2163,ES000133,0,0,0,60
2164,ES000141,0,0,0,0
2165,ES000142,0,0,0,0
2166,ES000145,0,0,0,29
2167,ES000147,0,0,0,0
2168,ES000148,0,0,0,0
2169,ES000150,0,0,0,0
2170,ES000151,0,0,0,183
2171,ES000153,0,0,0,0
2172,ES000154,0,0,0,0
2173,ES000158,0,0,0,0
2174,ES000160,0,0,0,1737
2175,ES000167,0,0,0,461
2176,ES000172,0,0,0,0
2177,ES000174,0,0,0,0
2178,ES000177,0,0,0,35
2179,ES000181,0,0,0,67
2180,ES000188,0,0,0,90
2181,ES000200,0,0,0,0
2182,ES000201,0,0,1,0
2183,ES000202,0,0,1,57
2184,ES000203,0,0,0,184
2185,ES000207,0,0,2,136
2186,ES000208,0,0,0,220
2187,ES000210,0,0,0,0
2188,ES000211,0,0,0,36
2189,ES000215,0,0,0,365
2190,ES000222,0,0,0,0
2191,ES000224,0,0,0,93
2192,ES000227,0,0,0,155
2193,ES000231,0,0,0,21
2194,ES000232,0,0,2,191
2195,ES000241,0,0,0,730
2196,ES000247,0,0,0,730
2197,ES000259,0,0,0,334
2198,ES000260,0,0,0,1779
2199,ES000310,0,0,0,365
2200,ES000317,0,0,0,261
2201,ES000327,0,0,0,34
2202,ES000328,0,0,0,77
2203,ES000332,0,0,0,37
2204,ES000336,0,0,9,26
2205,ES000337,0,0,8,118
2206,ES000340,0,0,0,144
2207,ES000345,0,0,0,272
2208,ES000346,0,0,0,159
2209,ES000347,0,0,0,112
2210,ES000348,0,0,0,0
2211,ES000349,0,0,0,98
2212,ES000350,0,0,0,87
2213,ES000352,0,0,0,26
2214,ES000354,0,0,0,273
2215,ES000355,0,0,0,151
2216,ES000356,0,0,0,0
2217,ES000357,0,0,0,0
2218,ES000358,0,0,0,207
2219,ES000361,0,0,0,41
2220,ES000362,0,0,0,401
2221,ES000363,0,0,0,185
2222,ES000364,0,0,0,11
2223,ES000369,0,0,0,54
2224,ES000370,0,0,0,293
2225,ES000371,0,0,0,29
2226,ES000372,0,0,0,470
2227,ES000374,0,0,0,165
2228,ES000375,0,0,0,113
2229,ES000376,0,0,0,8
2230,ES000377,0,0,0,197
2231,ES000378,0,0,0,205
2232,ES000382,0,0,0,1207
2233,ES000384,0,0,0,488
2234,ES000385,0,0,0,329
2235,ES000386,0,0,0,291
2236,ES000387,0,0,0,1224
2237,ES000388,0,0,1,1339
2238,ES000391,0,0,0,14
2239,ES000394,0,0,0,13
2240,ES000401,0,0,0,421
2241,ES000403,0,0,0,356
2242,ES000404,0,0,0,1030
2243,ES000405,0,0,0,676
2244,ES000407,0,0,0,0
2245,ES000415,0,0,0,404
2246,ES000416,0,0,0,121
2247,ES000428,0,0,0,74
2248,ES000432,0,0,0,0
2249,ES000433,0,0,0,570
2250,ES000434,0,0,0,250
2251,ES000435,0,0,0,0
2252,ES000437,0,0,0,291
2253,ES000452,0,0,0,67
2254,ES000455,0,0,69,287
2255,ES000457,0,0,0,454
2256,ES000463,0,0,0,137
2257,ES000465,0,0,0,11
2258,ES000468,0,0,0,168
2259,ES000475,0,0,0,0
2260,ES000478,0,0,0,328
2261,ES000486,0,0,0,434
2262,ES000487,0,0,0,246
2263,ES000492,0,0,0,0
2264,ES000493,0,0,0,66
2265,ES000494,0,0,0,211
2266,ES000495,0,0,0,9
2267,ES000496,0,0,0,200
2268,ES000497,0,0,0,0
2269,ES000498,0,0,0,120
2270,ES000499,0,0,0,510
2271,ES000500,0,0,0,110
2272,ES000505,0,0,0,8
2273,ES000514,0,0,0,1461
2274,ES000515,0,0,0,3
2275,ES000522,0,0,0,37
2276,ES000523,0,0,0,271
2277,ES000531,0,0,8,0
2278,ES000532,0,0,0,129
2279,ES000533,0,0,6,0
2280,ES000534,0,0,0,304
2281,ES000535,0,0,0,303
2282,ES000536,0,0,0,995
2283,ES000537,0,0,17,461
2284,ES000539,0,0,0,1166
2285,ES000542,0,0,0,271
2286,ES000545,0,0,0,324
2287,ES000546,0,0,64,670
2288,ES000549,0,0,2,814
2289,ES000552,0,0,0,659
2290,ES000599,0,0,0,280
2291,ES000600,0,0,0,323
2292,ES000602,0,0,0,953
2293,ES000605,0,0,0,1054
2294,ES000607,0,0,0,267
2295,ES000610,0,0,0,648
2296,ES000611,0,0,0,264
2297,ES000613,0,0,0,326
2298,ES000616,0,0,0,265
2299,ES000618,0,0,0,417
2300,ES000623,0,0,0,272
2301,ES000630,0,0,0,264
2302,ES000642,0,0,0,271
2303,ES000643,0,0,0,264
2304,ES000646,0,0,0,272
2305,ES000668,0,0,0,2133
2306,ES000673,0,0,4,1824
2307,ES000685,0,0,0,1447
2308,ES000718,0,0,0,1468
2309,ES000752,0,0,0,1213
2310,ES000756,0,0,0,2483
2311,ES000757,0,0,0,2649
2312,ES000794,0,0,0,39
2313,ES000965,0,0,0,15
2314,ES000966,0,0,0,0
2315,ES000967,0,0,0,312
2316,ES000968,0,0,0,31
2317,ES000970,0,0,0,14
2318,ES000998,0,0,0,0
2319,ES001008,0,0,0,0
2320,ES001011,0,0,0,14
2321,ES001012,0,0,0,152
2322,ES001013,0,0,0,0
2323,ES001014,0,0,0,45
2324,ES001016,0,0,0,5
2325,ES001020,0,0,0,70
2326,ES001035,0,0,0,363
2327,ES001038,0,0,0,0
2328,ES001040,0,0,0,69
2329,ES001041,0,0,0,124
2330,ES001044,0,0,0,34
2331,ES001061,0,0,0,194
2332,ES001062,0,0,0,338
2333,ES001064,0,0,0,1348
2334,ES001065,0,0,0,242
2335,ES001082,0,0,0,25
2336,ES001094,0,0,0,296
2337,ES001110,0,0,0,4
2338,ES001144,0,0,0,366
2339,ES001146,0,0,0,1
2340,ES001147,0,0,0,365
2341,ES001231,0,0,1,0
2342,ES001233,0,0,0,0
2343,ES001257,0,0,0,0
2344,ES001262,0,0,0,44
2345,ES001264,0,0,0,0
2346,ES001273,0,0,0,1095
2347,ES001275,0,0,0,4
2348,ES001281,0,0,0,23
2349,ES001283,0,0,0,89
2350,ES001287,0,0,0,10
2351,ES001307,0,0,0,366
2352,ES001310,0,0,0,0
2353,ES001315,0,0,0,0
2354,ES001320,0,0,0,53
2355,ES001321,0,0,0,15
2356,ES001322,0,0,0,19
2357,ES001323,0,0,0,4
2358,ES001324,0,0,0,41
2359,ES001328,0,0,0,46
2360,ES001331,0,0,0,8
2361,ES001332,0,0,0,0
2362,ES001336,0,0,0,65
2363,ES001341,0,0,0,27
2364,ES001345,0,0,0,0
2365,ES001358,0,0,0,191
2366,ES001362,0,0,0,731
2367,ES001363,0,0,0,5
2368,ES001364,0,0,0,3
2369,ES001365,0,0,0,26
2370,ES001366,0,0,0,73
2371,ES001367,0,0,0,463
2372,ES001368,0,0,0,38
2373,ES001369,0,0,0,0
2374,ES001377,0,0,0,0
2375,ES001378,0,0,0,3
2376,ES001379,0,0,0,1
2377,ES001380,0,0,0,0
2378,ES001381,0,0,0,116
2379,ES001382,0,0,0,71
2380,ES001385,0,0,0,2
2381,ES001391,0,0,0,0
2382,ES001393,0,0,0,42
2383,ES001396,0,0,0,27
2384,ES001397,0,0,0,483
2385,ES001400,0,0,0,0
2386,ES001401,0,0,0,0
2387,ES001406,0,0,0,57
2388,ES001410,0,0,0,27
2389,ES001412,0,0,1,0
2390,ES001416,0,0,0,0
2391,ES001419,0,0,0,27
2392,ES001420,0,0,0,14
2393,ES001421,0,0,0,19
2394,FR000073,0,0,10,0
2395,FR000115,0,0,0,0
2396,FR000121,0,0,0,0
2397,FR000123,0,0,0,0
2398,FR000124,0,0,7,597
2399,FR000125,0,0,1,183
2400,FR000128,0,0,0,52
2401,FR000132,0,0,8,128
2402,FR000137,0,0,0,319
2403,FR000142,0,0,0,0
2404,FR000171,0,0,0,55
2405,FR000184,0,0,2,11
2406,FR000200,0,0,0,256
2407,FR000201,0,0,0,67
2408,FR000202,0,0,0,31
2409,FR000203,0,0,0,0
2410,FR000204,0,0,0,0
2411,FR000206,0,0,0,0
2412,FR000215,0,0,0,0
2413,FR000221,0,0,0,0
2414,FR000275,0,0,0,61
2415,FR000287,0,0,0,0
2416,FR000328,0,0,0,0
2417,FR000335,0,0,0,0
2418,FR000339,0,0,0,0
2419,FR000386,0,0,0,0
2420,FR000390,0,0,0,0
2421,FR000404,0,0,0,0
2422,FR000406,0,0,0,0
2423,FR000420,0,0,0,0
2424,FR000442,0,0,0,11
2425,FR000459,0,0,0,0
2426,FR000472,0,0,0,98
2427,FR000473,0,0,0,0
2428,FR000476,0,0,0,0
2429,FR000483,0,0,0,140
2430,FR000494,0,0,0,0
2431,FR000498,0,0,0,0
2432,FR000499,0,0,0,56
2433,FR000516,0,0,1,71
2434,FR000517,0,0,0,0
2435,FR000521,0,0,0,47
2436,FR000541,0,0,0,0
2437,FR000543,0,0,0,10
2438,FR000565,0,0,0,75
2439,FR000574,0,0,0,38
2440,FR000577,0,0,0,49
2441,FR000596,0,0,0,171
2442,FR000606,0,0,0,358
2443,FR000611,0,0,0,327
2444,FR000615,0,0,0,596
2445,FR000638,0,0,0,653
2446,FR000644,0,0,0,0
2447,FR000648,0,0,0,0
2448,FR000650,0,0,0,39
2449,FR000653,0,0,0,0
2450,FR000657,0,0,0,646
2451,FR000658,0,0,0,0
2452,FR000660,0,0,0,44
2453,FR000664,0,0,0,0
2454,FR000668,0,0,0,3
2455,FR000671,0,0,0,294
2456,FR000672,0,0,0,0
2457,FR000674,0,0,0,0
2458,FR000677,0,0,0,0
2459,FR000678,0,0,0,0
2460,FR000679,0,0,0,0
2461,FR000682,0,0,0,0
2462,FR000685,0,0,0,0
2463,FR000686,0,0,0,0
2464,FR000687,0,0,0,0
2465,FR000688,0,0,0,0
2466,FR000689,0,0,0,0
2467,FR000691,0,0,2,83
2468,FR000693,0,0,0,536
2469,FR000694,0,0,0,0
2470,FR000702,0,0,0,0
2471,FR000707,0,0,2,1
2472,FR000708,0,0,2,0
2473,FR000713,0,0,2,0
2474,FR000714,0,0,0,65
2475,FR000725,0,0,0,0
2476,FR000726,0,0,0,0
2477,FR000730,0,0,0,0
2478,FR000731,0,0,0,363
2479,FR000732,0,0,0,0
2480,FR000733,0,0,0,1
2481,FR000735,0,0,0,1
2482,FR000737,0,0,0,0
2483,FR000743,0,0,0,0
2484,FR000745,0,0,0,713
2485,FR000746,0,0,0,0
2486,FR000750,0,0,0,657
2487,FR000774,0,0,0,0
2488,FR000778,0,0,0,0
2489,FR000804,0,0,0,38
2490,FR000818,0,0,0,0
2491,FR000828,0,0,0,0
2492,FR000831,0,0,0,0
2493,FR000835,0,0,0,43
2494,FR000836,0,0,0,0
2495,FR000839,0,0,0,0
2496,FR000840,0,0,0,0
2497,FR000848,0,0,0,0
2498,FR000857,0,0,0,0
2499,FR000861,0,0,0,13
2500,FR000894,0,0,2,295
2501,FR000903,0,0,0,177
2502,FR000906,0,0,0,0
2503,FR000918,0,0,0,269
2504,FR000919,0,0,1,129
2505,FR000926,0,0,110,90
2506,FR000927,0,0,13,137
2507,FR000929,0,0,0,0
2508,FR000938,0,0,0,174
2509,FR000946,0,0,1,192
2510,FR000949,0,0,0,58
2511,FR000952,0,0,0,0
2512,FR000955,0,0,0,1
2513,FR000957,0,0,0,8
2514,FR000969,0,0,0,79
2515,FR000978,0,0,0,0
2516,FR000998,0,0,0,237
2517,FR001000,0,0,0,125
2518,FR001010,0,0,0,130
2519,FR001015,0,0,0,0
2520,FR001016,0,0,0,20
2521,FR001020,0,0,0,21
2522,FR001024,0,0,0,67
2523,FR001042,0,0,0,129
2524,FR001055,0,0,0,0
2525,FR001072,0,0,0,0
2526,FR001129,0,0,0,0
2527,FR001143,0,0,0,179
2528,FR001145,0,0,0,2528
2529,FR001166,0,0,0,19
2530,FR001178,0,0,0,0
2531,FR001188,0,0,0,1
2532,FR001197,0,0,0,0
2533,FR001198,0,0,0,0
2534,FR001212,0,0,0,55
2535,FR001214,0,0,0,376
2536,FR001228,0,0,0,1
2537,FR001231,0,0,0,1
2538,FR001242,0,0,0,0
2539,FR001245,0,0,0,129
2540,FR001253,0,0,0,0
2541,FR001299,0,0,0,307
2542,FR001300,0,0,0,0
2543,FR001307,0,0,0,0
2544,FR001309,0,0,0,638
2545,FR001320,0,0,0,0
2546,FR001325,0,0,0,0
2547,FR001326,0,0,0,0
2548,FR001327,0,0,0,0
2549,FR001334,0,0,0,0
2550,FR001335,0,0,0,0
2551,FR001350,0,0,0,27
2552,FR001355,0,0,0,0
2553,FR001363,0,0,0,0
2554,FR001373,0,0,0,721
2555,FR001380,0,0,0,0
2556,FR001385,0,0,0,0
2557,FR001387,0,0,0,327
2558,FR001388,0,0,0,0
2559,FR001405,0,0,0,0
2560,FR001413,0,0,0,129
2561,FR001425,0,0,0,1
2562,FR001426,0,0,0,23
2563,FR001435,0,0,0,325
2564,FR001442,0,0,0,39
2565,FR001453,0,0,0,111
2566,FR001454,0,0,0,192
2567,FR001499,0,0,5,357
2568,FR001502,0,0,129,0
2569,FR001526,0,0,0,0
2570,FR001535,0,0,2,417
2571,FR001544,0,0,0,0
2572,FR001547,0,0,0,0
2573,FR001560,0,0,97,0
2574,FR001577,0,0,0,181
2575,FR001619,0,0,0,23
2576,FR001622,0,0,0,34
2577,FR001627,0,0,0,1
2578,FR001659,0,0,0,129
2579,FR001681,0,0,0,1
2580,FR001685,0,0,0,0
2581,FR001711,0,0,0,307
2582,FR001728,0,0,0,2
2583,FR001732,0,0,0,43
2584,FR001733,0,0,0,0
2585,FR001737,0,0,0,1
2586,FR001740,0,0,0,50
2587,FR001745,0,0,0,29
2588,FR001748,0,0,0,0
2589,FR001753,0,0,0,332
2590,FR001767,0,0,0,0
2591,FR001773,0,0,0,1
2592,FR001777,0,0,0,40
2593,FR001789,0,0,12,0
2594,FR001790,0,0,0,0
2595,FR001791,0,0,0,0
2596,FR001793,0,0,0,58
2597,FR001809,0,0,0,0
2598,FR001810,0,0,0,0
2599,FR001831,0,0,0,0
2600,FR001833,0,0,0,0
2601,FR001835,0,0,0,0
2602,FR001839,0,0,0,1
2603,FR001861,0,0,0,0
2604,FR001862,0,0,0,67
2605,FR001863,0,0,0,0
2606,FR001866,0,0,0,58
2607,FR001870,0,0,0,0
2608,FR001880,0,0,0,0
2609,FR001893,0,0,0,0
2610,FR001923,0,0,0,421
2611,FR001928,0,0,0,0
2612,FR001930,0,0,0,0
2613,FR001932,0,0,0,663
2614,FR001934,0,0,1,0
2615,FR001935,0,0,1,0
2616,FR001937,0,0,0,1721
2617,FR001938,0,0,0,367
2618,FR001943,0,0,0,338
2619,FR001954,0,0,0,63
2620,FR001958,0,0,0,83
2621,FR001959,0,0,0,0
2622,FR001960,0,0,0,0
2623,FR001967,0,0,0,61
2624,FR001988,0,0,0,0
2625,FR001997,0,0,0,708
2626,FR002065,0,0,0,115
2627,FR002069,0,0,0,0
2628,FR002080,0,0,0,56
2629,FR002151,0,0,0,0
2630,FR002168,0,0,0,0
2631,FR002170,0,0,0,184
2632,FR002173,0,0,0,129
2633,FR002176,0,0,0,0
2634,FR002177,0,0,0,765
2635,FR002180,0,0,0,0
2636,FR002182,0,0,0,0
2637,FR002183,0,0,1,1
2638,FR002187,0,0,0,0
2639,FR002188,0,0,0,0
2640,FR002194,0,0,0,1
2641,FR002210,0,0,0,0
2642,FR002216,0,0,0,0
2643,FR002233,0,0,0,0
2644,FR002237,0,0,0,181
2645,FR002246,0,0,0,63
2646,FR002301,0,0,0,116
2647,FR002320,0,0,1,184
2648,FR002321,0,0,0,0
2649,FR002322,0,0,0,34
2650,FR002350,0,0,0,392
2651,FR002354,0,0,0,353
2652,FR002355,0,0,0,86
2653,FR002365,0,0,0,0
2654,FR002387,0,0,0,1215
2655,FR002411,0,0,0,18
2656,FR002418,0,0,0,0
2657,FR002419,0,0,0,0
2658,FR002420,0,0,0,0
2659,FR002425,0,0,3,406
2660,FR002437,0,0,0,0
2661,FR002488,0,0,0,228
2662,FR002495,0,0,0,109
2663,FR002513,0,0,0,345
2664,FR002523,0,0,2,0
2665,FR002572,0,0,0,361
2666,FR002579,0,0,0,400
2667,FR002666,0,0,4,64
2668,FR002667,0,0,0,95
2669,FR002668,0,0,65,0
2670,FR002688,0,0,62,0
2671,FR002707,0,0,175,463
2672,FR002708,0,0,30,0
2673,FR002737,0,0,0,54
2674,FR002740,0,0,3,1325
2675,FR002785,0,0,0,60
2676,FR002817,0,0,0,12
2677,FR002846,0,0,0,93
2678,FR002852,0,0,0,187
2679,FR002866,0,0,0,219
2680,FR002914,0,0,0,0
2681,FR002975,0,0,0,81
2682,FR002986,0,0,0,56
2683,FR002989,0,0,0,114
2684,FR002995,0,0,1,418
2685,FR003003,0,0,0,722
2686,FR003047,0,0,0,489
2687,FR003099,0,0,48,310
2688,FR003127,0,0,5,698
2689,FR003138,0,0,190,12
2690,FR003149,0,0,138,525
2691,FR003160,0,0,0,0
2692,FR003162,0,0,0,24
2693,FR003169,0,0,0,42
2694,FR003180,0,0,6,126
2695,FR003201,0,0,10,10
2696,FR003206,0,0,2,0
2697,FR003207,0,0,0,0
2698,FR003214,0,0,2,0
2699,FR003218,0,0,0,1
2700,FR003223,0,0,0,2
2701,FR003233,0,0,0,0
2702,FR003234,0,0,0,239
2703,FR003236,0,0,0,10
2704,FR003237,0,0,0,0
2705,FR003246,0,0,0,8
2706,FR003251,0,0,0,407
2707,FR003261,0,0,0,0
2708,FR003266,0,0,0,411
2709,FR003275,0,0,0,7
2710,FR003283,0,0,0,31
2711,FR003295,0,0,0,40
2712,FR003300,0,0,0,47
2713,FR003302,0,0,0,16
2714,FR003303,0,0,0,188
2715,FR003307,0,0,0,22
2716,FR003310,0,0,0,0
2717,FR003324,0,0,0,0
2718,FR003325,0,0,0,79
2719,FR003328,0,0,0,120
2720,FR003329,0,0,0,0
2721,FR003333,0,0,0,256
2722,FR003336,0,0,0,0
2723,FR003342,0,0,0,7
2724,FR003352,0,0,0,107
2725,FR003362,0,0,0,393
2726,FR003386,0,0,0,28
2727,FR003398,0,0,0,125
2728,FR003399,0,0,0,0
2729,FR003400,0,0,0,0
2730,FR003401,0,0,0,42
2731,FR003410,0,0,0,58
2732,FR003419,0,0,0,152
2733,FR003434,0,0,0,94
2734,FR003435,0,0,0,28
2735,FR003449,0,0,0,339
2736,FR003450,0,0,0,0
2737,FR003461,0,0,0,0
2738,FR003470,0,0,0,2
2739,FR003474,0,0,0,0
2740,FR003477,0,0,0,0
2741,FR003479,0,0,0,0
2742,FR003481,0,0,0,0
2743,FR003486,0,0,0,115
2744,FR003491,0,0,0,0
2745,FR003503,0,0,0,15
2746,FR003504,0,0,0,203
2747,FR003517,0,0,0,15
2748,FR003529,0,0,0,47
2749,FR003534,0,0,0,11
2750,FR003542,0,0,0,0
2751,FR003545,0,0,0,31
2752,FR003546,0,0,0,0
2753,FR003549,0,0,0,0
2754,FR003552,0,0,0,1
2755,FR003562,0,0,0,78
2756,FR003569,0,0,0,345
2757,FR003579,0,0,0,0
2758,FR003592,0,0,0,0
2759,FR003600,0,0,0,0
2760,FR003603,0,0,0,232
2761,FR003607,0,0,0,280
2762,FR003608,0,0,0,0
2763,FR003610,0,0,0,176
2764,FR003612,0,0,0,893
2765,FR003617,0,0,1,1
2766,FR003623,0,0,0,0
2767,FR003632,0,0,0,24
2768,FR003638,0,0,0,0
2769,FR003644,0,0,0,79
2770,FR003646,0,0,0,0
2771,FR003649,0,0,0,192
2772,FR003658,0,0,0,685
2773,FR003668,0,0,0,0
2774,FR003683,0,0,0,30
2775,FR003684,0,0,0,0
2776,FR003687,0,0,0,338
2777,FR003692,0,0,0,0
2778,FR003716,0,0,0,17
2779,FR003722,0,0,0,0
2780,FR003723,0,0,0,463
2781,FR003725,0,0,0,4
2782,FR003726,0,0,0,248
2783,FR003731,0,0,1,167
2784,FR003741,0,0,0,325
2785,FR003751,0,0,0,0
2786,FR003754,0,0,0,0
2787,FR003756,0,0,2,11
2788,FR003761,0,0,0,0
2789,FR003762,0,0,0,0
2790,FR003767,0,0,0,0
2791,FR003769,0,0,0,434
2792,FR003774,0,0,0,36
2793,FR003775,0,0,0,26
2794,FR003794,0,0,0,0
2795,FR003797,0,0,1,78
2796,FR003814,0,0,1,288
2797,FR003816,0,0,0,0
2798,FR003817,0,0,0,959
2799,FR003818,0,0,0,0
2800,FR003821,0,0,0,36
2801,FR003828,0,0,0,82
2802,FR003830,0,0,0,178
2803,FR003837,0,0,0,620
2804,FR003843,0,0,0,23
2805,FR003855,0,0,0,518
2806,FR003857,0,0,0,555
2807,FR003861,0,0,0,1
2808,FR003863,0,0,0,0
2809,FR003867,0,0,0,376
2810,FR003929,0,0,0,228
2811,FR003930,0,0,0,1
2812,FR003949,0,0,0,1595
2813,FR003955,0,0,0,33
2814,FR003959,0,0,0,0
2815,FR003961,0,0,0,1
2816,FR003965,0,0,0,0
2817,FR003967,0,0,0,0
2818,FR003969,0,0,0,356
2819,FR003974,0,0,0,43
2820,FR004017,0,0,0,0
2821,FR004018,0,0,0,0
2822,FR004030,0,0,0,722
2823,FR004040,0,0,0,721
2824,FR004043,0,0,0,0
2825,FR004047,0,0,0,6
2826,FR004048,0,0,0,27
2827,FR004050,0,0,0,0
2828,FR004062,0,0,0,43
2829,FR004072,0,0,0,27
2830,FR004074,0,0,0,550
2831,FR004091,0,0,0,1
2832,FR004104,0,0,2,0
2833,FR004114,0,0,0,12
2834,FR004132,0,0,1,61
2835,FR004135,0,0,0,0
2836,FR004136,0,0,0,1
2837,FR004137,0,0,0,7
2838,FR004140,0,0,0,400
2839,FR004154,0,0,0,0
2840,FR004167,0,0,0,685
2841,FR004168,0,0,0,1
2842,FR004173,0,0,0,1
2843,FR004178,0,0,0,0
2844,FR004179,0,0,0,0
2845,FR004193,0,0,5,0
2846,FR004225,0,0,0,0
2847,FR004233,0,0,0,349
2848,FR004274,0,0,0,95
2849,FR004283,0,0,0,0
2850,FR004285,0,0,0,0
2851,FR004286,0,0,0,0
2852,FR004294,0,0,0,35
2853,FR004306,0,0,0,0
2854,FR004333,0,0,0,27
2855,FR004335,0,0,0,130
2856,FR004340,0,0,0,237
2857,FR004346,0,0,0,3
2858,FR004350,0,0,0,392
2859,FR004364,0,0,0,0
2860,FR004371,0,0,0,1
2861,FR004379,0,0,0,0
2862,FR004380,0,0,0,0
2863,FR004386,0,0,0,44
2864,FR004393,0,0,0,237
2865,FR004396,0,0,0,272
2866,FR004398,0,0,0,139
2867,FR004427,0,0,0,111
2868,FR004477,0,0,0,158
2869,FR004479,0,0,0,132
2870,FR004493,0,0,0,0
2871,FR004494,0,0,0,351
2872,FR004496,0,0,0,1
2873,FR004500,0,0,0,149
2874,FR004504,0,0,1,0
2875,FR004512,0,0,0,0
2876,FR004518,0,0,0,0
2877,FR004519,0,0,0,0
2878,FR004522,0,0,0,0
2879,FR004543,0,0,0,3
2880,FR004553,0,0,1,63
2881,FR004559,0,0,0,456
2882,FR004561,0,0,0,32
2883,FR004567,0,0,0,116
2884,FR004581,0,0,0,283
2885,FR004585,0,0,0,189
2886,FR004595,0,0,0,272
2887,FR004598,0,0,0,0
2888,FR004603,0,0,0,115
2889,FR004606,0,0,0,21
2890,FR004612,0,0,0,123
2891,FR004617,0,0,0,287
2892,FR004619,0,0,0,87
2893,FR004620,0,0,0,498
2894,FR004621,0,0,0,0
2895,FR004641,0,0,0,67
2896,FR004642,0,0,0,2
2897,FR004643,0,0,0,23
2898,FR004659,0,0,0,95
2899,FR004680,0,0,0,56
2900,FR004681,0,0,0,19
2901,FR004688,0,0,0,15
2902,FR004689,0,0,3,345
2903,FR004692,0,0,0,346
2904,FR004699,0,0,0,0
2905,FR004707,0,0,2,175
2906,FR004708,0,0,1,85
2907,FR004709,0,0,0,715
2908,FR004713,0,0,0,487
2909,FR004716,0,0,0,181
2910,FR004723,0,0,0,1794
2911,FR004780,0,0,0,499
2912,FR004795,0,0,1,88
2913,FR004806,0,0,0,0
2914,FR004853,0,0,1,992
2915,FR004857,0,0,0,90
2916,FR004929,0,0,0,11
2917,FR004930,0,0,0,139
2918,FR004935,0,0,0,211
2919,FR004940,0,0,0,109
2920,FR004954,0,0,1,555
2921,FR004964,0,0,0,160
2922,GB000001,0,0,8,0
2923,GB000002,0,0,5,0
2924,GB000003,0,1,43,2129
2925,GB000004,0,0,2,193
2926,GB000005,0,0,2,16
2927,GB000009,0,0,2,0
2928,GB000010,0,0,5,0
2929,GB000011,0,0,5,0
2930,GB000012,0,0,4,0
2931,GB000013,0,0,1,0
2932,GB000014,0,0,15,0
2933,GB000015,0,0,25,0
2934,GB000016,0,0,20,0
2935,GB000017,0,0,1,0
2936,GB000018,0,0,9,0
2937,GB000019,0,0,6,0
2938,GB000020,0,0,3,0
2939,GB000021,0,0,6,0
2940,GB000022,0,0,3,0
2941,GB000023,0,0,3,0
2942,GB000024,0,0,2,0
2943,GB000025,0,0,3,365
2944,GB000026,0,0,3,0
2945,GB000028,0,0,4,0
2946,GB000029,0,0,3,365
2947,GB000030,0,0,11,0
2948,GB000031,0,0,3,0
2949,GB000032,0,0,4,0
2950,GB000033,0,0,5,0
2951,GB000034,0,0,9,0
2952,GB000035,0,0,4,400
2953,GB000036,0,0,3,0
2954,GB000037,0,0,17,0
2955,GB000038,0,0,4,0
2956,GB000039,0,0,4,0
2957,GB000040,0,0,44,721
2958,GB000041,0,0,4,0
2959,GB000042,0,0,6,0
2960,GB000043,0,0,2,0
2961,GB000044,0,0,3,0
2962,GB000045,0,0,3,2
2963,GB000046,0,0,3,0
2964,GB000047,0,0,3,0
2965,GB000048,0,0,3,0
2966,GB000049,0,0,2,1688
2967,GB000050,0,0,3,0
2968,GB000051,0,0,3,0
2969,GB000052,0,0,3,0
2970,GB000053,0,0,4,369
2971,GB000055,0,0,2,0
2972,GB000056,0,0,5,0
2973,GB000059,0,0,3,0
2974,GB000060,0,0,3,365
2975,GB000062,0,0,3,7
2976,GB000063,0,0,3,0
2977,GB000064,0,0,4,0
2978,GB000065,0,0,4,2
2979,GB000066,0,0,6,639
2980,GB000067,0,0,58,0
2981,GB000068,0,0,59,1207
2982,GB000069,0,0,2,0
2983,GB000070,0,0,2,0
2984,GB000071,0,0,2,0
2985,GB000074,0,0,3,0
2986,GB000075,0,0,2,0
2987,GB000077,0,0,13,0
2988,GB000079,0,0,2,8
2989,GB000080,0,0,5,0
2990,GB000081,0,0,5,0
2991,GB000082,0,0,8,0
2992,GB000084,0,0,5,0
2993,GB000085,0,0,2,117
2994,GB000086,0,0,2,0
2995,GB000087,0,0,2,0
2996,GB000088,0,0,3,0
2997,GB000090,0,0,3,0
2998,GB000091,0,0,4,59
2999,GB000092,0,0,3,26
3000,GB000093,0,0,2,26
3001,GB000094,0,0,7,17
3002,GB000095,0,0,3,47
3003,GB000096,0,0,1,73
3004,GB000097,0,0,7,86
3005,GB000098,0,0,6,3
3006,GB000099,0,0,3,0
3007,GB000100,0,0,2,5
3008,GB000101,0,0,29,666
3009,GB000102,0,0,5,5
3010,GB000103,0,0,20,0
3011,GB000104,0,0,5,0
3012,GB000105,0,0,5,44
3013,GB000107,0,0,2,2
3014,GB000108,0,0,3,138
3015,GB000110,0,0,4,0
3016,GB000111,0,0,2,74
3017,GB000112,0,0,3,1
3018,GB000113,0,0,2,1901
3019,GB000114,0,0,2,0
3020,GB000115,0,0,10,0
3021,GB000116,0,0,1,0
3022,GB000118,0,0,3,0
3023,GB000119,0,0,14,0
3024,GB000120,0,0,25,0
3025,GB000121,0,0,25,1
3026,GB000122,0,0,11,0
3027,GB000123,0,0,12,6
3028,GB000124,0,0,19,0
3029,GB000125,0,0,1,0
3030,GB000126,0,0,12,0
3031,GB000128,0,0,1,0
3032,GB000129,0,0,5,0
3033,GB000130,0,0,9,73
3034,GB000131,0,0,18,0
3035,GB000132,0,0,2,12
3036,GB000133,0,0,10,0
3037,GB000134,0,0,2,657
3038,GB000135,0,0,6,10
3039,GB000136,0,0,12,0
3040,GB000137,0,0,0,0
3041,GB000139,0,0,8,0
3042,GB000140,0,0,4,410
3043,GB000141,0,0,3,0
3044,GB000142,0,0,15,0
3045,GB000143,0,0,2,145
3046,GB000144,0,0,2,568
3047,GB000145,0,0,1,1072
3048,GB000146,0,0,42,0
3049,GB000147,0,0,13,1118
3050,GB000148,0,0,30,0
3051,GB000151,0,0,3,0
3052,GB000152,0,0,17,0
3053,GB000154,0,0,33,1511
3054,GB000155,0,0,9,0
3055,GB000156,0,0,23,0
3056,GB000157,0,0,46,0
3057,GB000158,0,0,46,2479
3058,GB000159,0,0,14,0
3059,GB000160,0,0,20,0
3060,GB000161,0,0,33,0
3061,GB000162,0,0,12,125
3062,GB000163,0,0,41,0
3063,GB000164,0,0,46,0
3064,GB000165,0,0,6,87
3065,GB000166,0,0,10,175
3066,GB000167,0,0,43,90
3067,GB000168,0,0,31,0
3068,GB000169,0,0,47,0
3069,GB000170,0,0,34,0
3070,GB000171,0,0,25,0
3071,GB000172,0,0,14,0
3072,GB000173,0,0,9,415
3073,GB000174,0,0,11,0
3074,GB000175,0,0,13,387
3075,GB000176,0,0,19,0
3076,GB000177,0,0,25,0
3077,GB000178,0,0,12,0
3078,GB000179,0,0,9,22
3079,GB000180,0,0,45,865
3080,GB000181,0,0,13,2562
3081,GB000182,0,0,27,2548
3082,GB000183,0,0,4,54
3083,GB000184,0,0,7,0
3084,GB000185,0,0,8,3
3085,GB000186,0,0,3,380
3086,GB000187,0,0,2,0
3087,GB000188,0,0,3,0
3088,GB000189,0,0,9,0
3089,GB000190,0,0,11,0
3090,GB000191,0,0,5,333
3091,GB000192,0,0,7,0
3092,GB000193,0,0,11,2
3093,GB000194,0,0,63,0
3094,GB000195,0,0,2,451
3095,GB000196,0,0,11,69
3096,GB000197,0,0,16,0
3097,GB000198,0,0,15,40
3098,GB000199,0,0,13,126
3099,GB000200,0,0,16,0
3100,GB000201,0,0,15,147
3101,GB000202,0,0,14,536
3102,GB000203,0,0,11,1
3103,GB000204,0,0,12,2
3104,GB000205,0,0,1,0
3105,GB000206,0,0,1,5
3106,GB000207,0,0,12,0
3107,GB000208,0,0,0,0
3108,GB000209,0,0,0,23
3109,GB000210,0,0,15,0
3110,GB000211,0,0,1,0
3111,GB000213,0,0,9,1
3112,GB000214,0,0,2,0
3113,GB000215,0,0,1,0
3114,GB000216,0,0,0,0
3115,GB000218,0,0,6,0
3116,GB000219,0,0,1,8
3117,GB000220,0,0,9,181
3118,GB000221,0,0,2,45
3119,GB000222,0,0,2,0
3120,GB000223,0,0,0,0
3121,GB000225,0,0,4,50
3122,GB000226,0,0,2,333
3123,GB000227,0,0,2,42
3124,GB000228,0,0,6,0
3125,GB000229,0,0,0,28
3126,GB000230,0,0,2,0
3127,GB000231,0,0,1,217
3128,GB000232,0,0,1,102
3129,GB000233,0,0,0,0
3130,GB000234,0,0,0,72
3131,GB000236,0,0,1,142
3132,GB000237,0,0,2,15
3133,GB000238,0,0,2,6
3134,GB000239,0,0,0,73
3135,GB000240,0,0,0,5
3136,GB000241,0,0,0,8
3137,GB000242,0,0,0,0
3138,GB000243,0,0,0,11
3139,GB000244,0,0,2,25
3140,GB000245,0,0,2,67
3141,GB000246,0,0,1,15
3142,GB000247,0,0,0,0
3143,GB000248,0,0,0,3
3144,GB000249,0,0,0,17
3145,GB000250,0,0,0,0
3146,GB000251,0,0,0,0
3147,GB000252,0,0,0,24
3148,GB000253,0,0,1,3
3149,GB000254,0,0,0,0
3150,GB000255,0,0,1,0
3151,GB000256,0,0,1,9
3152,GB000257,0,0,0,45
3153,GB000258,0,0,0,540
3154,GB000259,0,0,0,0
3155,GB000260,0,0,2,0
3156,GB000261,0,0,1,48
3157,GB000262,0,0,1,0
3158,GB000263,0,0,3,5
3159,GB000264,0,0,3,18
3160,GB000265,0,0,8,0
3161,GB000266,0,0,1,0
3162,GB000267,0,0,3,0
3163,GB000268,0,0,1,0
3164,GB000269,0,0,1,0
3165,GB000270,0,0,3,0
3166,GB000273,0,0,0,481
3167,GB000274,0,0,0,0
3168,GB000275,0,0,1,0
3169,GB000276,0,0,0,0
3170,GB000277,0,0,0,0
3171,GB000278,0,0,0,0
3172,GB000279,0,0,0,0
3173,GB000280,0,0,0,0
3174,GB000281,0,0,3,0
3175,GB000282,0,0,0,0
3176,GB000283,0,0,0,0
3177,GB000284,0,0,14,454
3178,GB000285,0,0,3,0
3179,GB000286,0,0,1,0
3180,GB000287,0,0,4,0
3181,GB000288,0,0,0,0
3182,GB000289,0,0,7,0
3183,GB000290,0,0,3,0
3184,GB000291,0,0,3,0
3185,GB000292,0,0,3,0
3186,GB000293,0,0,0,0
3187,GB000294,0,0,1,0
3188,GB000295,0,0,0,0
3189,GB000296,0,0,0,158
3190,GB000297,0,0,0,0
3191,GB000298,0,0,1,17
3192,GB000299,0,0,3,91
3193,GB000300,0,0,1,0
3194,GB000302,0,0,1,0
3195,GB000303,0,0,3,92
3196,GB000304,0,0,12,0
3197,GB000305,0,0,1,0
3198,GB000307,0,0,0,15
3199,GB000308,0,0,3,0
3200,GB000309,0,0,2,94
3201,GB000310,0,0,2,0
3202,GB000311,0,0,1,0
3203,GB000312,0,0,1,0
3204,GB000313,0,0,3,0
3205,GB000314,0,0,4,0
3206,GB000315,0,0,1,489
3207,GB000316,0,0,3,629
3208,GB000317,0,0,0,646
3209,GB000318,0,0,7,1133
3210,GB000319,0,0,5,1380
3211,GB000321,0,0,1,2090
3212,GB000322,0,0,1,2090
3213,GB000323,0,0,9,1964
3214,GB000324,0,0,0,0
3215,GB000325,0,0,0,320
3216,GB000326,0,0,0,185
3217,GB000327,0,0,0,686
3218,GB000328,0,0,0,0
3219,GB000329,0,0,0,425
3220,GB000330,0,0,0,25
3221,GB000331,0,0,0,0
3222,GB000332,0,0,0,0
3223,GB000333,0,0,0,9
3224,GB000334,0,0,1,93
3225,GB000335,0,0,2,38
3226,GB000336,0,0,0,269
3227,GB000337,0,0,9,0
3228,GB000338,0,0,0,83
3229,GB000339,0,0,0,210
3230,GB000341,0,0,2,0
3231,GB000342,0,0,7,0
3232,GB000343,0,0,26,0
3233,GB000344,0,0,33,0
3234,GB000345,0,0,2,0
3235,GB000346,0,0,2,521
3236,GB000348,0,0,0,114
3237,GB000349,0,0,0,67
3238,GB000350,0,0,0,0
3239,GB000351,0,0,0,0
3240,GB000352,0,0,1,159
3241,GB000353,0,0,2,196
3242,GB000354,0,0,0,368
3243,GB000355,0,0,2,0
3244,GB000356,0,0,1,0
3245,GB000357,0,0,2,327
3246,GB000358,0,0,0,0
3247,GB000359,0,0,0,0
3248,GB000360,0,0,0,0
3249,GB000361,0,0,0,15
3250,GB000362,0,0,1,320
3251,GB000363,0,0,4,0
3252,GB000364,0,0,0,137
3253,GB000365,0,0,0,67
3254,GB000366,0,0,0,0
3255,GB000367,0,0,0,0
3256,GB000368,0,0,0,0
3257,GB000369,0,0,0,0
3258,GB000370,0,0,0,0
3259,GB000371,0,0,0,129
3260,GB000372,0,0,0,0
3261,GB000373,0,0,0,105
3262,GB000376,0,0,0,0
3263,GB000377,0,0,0,0
3264,GB000378,0,0,0,0
3265,GB000379,0,0,0,0
3266,GB000380,0,0,0,0
3267,GB000381,0,0,0,6
3268,GB000382,0,0,0,6
3269,GB000383,0,0,0,1
3270,GB000384,0,0,0,34
3271,GB000385,0,0,0,0
3272,GB000386,0,0,1,0
3273,GB000387,0,0,0,0
3274,GB000389,0,0,0,2242
3275,GB000390,0,0,0,0
3276,GB000391,0,0,0,0
3277,GB000392,0,0,0,0
3278,GB000393,0,0,0,0
3279,GB000394,0,0,1,0
3280,GB000395,0,0,0,22
3281,GB000396,0,0,1,0
3282,GB000397,0,0,21,0
3283,GB000398,0,0,1,136
3284,GB000400,0,0,0,0
3285,GB000401,0,0,0,0
3286,GB000402,0,0,5,0
3287,GB000403,0,0,0,0
3288,GB000404,0,0,0,0
3289,GB000406,0,0,9,176
3290,GB000407,0,0,3,0
3291,GB000408,0,0,4,0
3292,GB000409,0,0,2,0
3293,GB000411,0,0,0,0
3294,GB000412,0,0,1,0
3295,GB000413,0,0,26,56
3296,GB000414,0,0,4,0
3297,GB000415,0,0,0,0
3298,GB000416,0,0,0,91
3299,GB000417,0,0,0,0
3300,GB000418,0,0,0,0
3301,GB000419,0,0,0,0
3302,GB000420,0,0,0,609
3303,GB000421,0,0,12,0
3304,GB000422,0,0,1,0
3305,GB000423,0,0,0,1
3306,GB000424,0,0,0,0
3307,GB000425,0,0,0,0
3308,GB000426,0,0,0,0
3309,GB000427,0,0,2,1
3310,GB000428,0,0,1,98
3311,GB000429,0,0,1,0
3312,GB000430,0,0,0,71
3313,GB000431,0,0,3,0
3314,GB000432,0,0,1,61
3315,GB000433,0,0,0,0
3316,GB000434,0,0,1,0
3317,GB000435,0,0,0,0
3318,GB000436,0,0,1,6
3319,GB000437,0,0,0,0
3320,GB000438,0,0,0,0
3321,GB000439,0,0,0,0
3322,GB000440,0,0,0,2615
3323,GB000441,0,0,0,0
3324,GB000442,0,0,0,0
3325,GB000445,0,0,6,0
3326,GB000446,0,0,23,0
3327,GB000448,0,0,5,0
3328,GB000449,0,0,0,0
3329,GB000450,0,0,2,1056
3330,GB000451,0,0,0,0
3331,GB000452,0,0,2,55
3332,GB000453,0,0,0,0
3333,GB000454,0,0,0,47
3334,GB000455,0,0,0,0
3335,GB000456,0,0,14,0
3336,GB000457,0,0,0,0
3337,GB000459,0,0,5,0
3338,GB000460,0,0,2,0
3339,GB000461,0,0,0,0
3340,GB000462,0,0,0,0
3341,GB000463,0,0,0,0
3342,GB000465,0,0,7,0
3343,GB000466,0,0,1,0
3344,GB000467,0,0,2,122
3345,GB000468,0,0,1,0
3346,GB000469,0,0,9,0
3347,GB000470,0,0,6,0
3348,GB000471,0,0,2,0
3349,GB000474,0,0,13,1902
3350,GB000475,0,0,1,165
3351,GB000477,0,0,7,66
3352,GB000478,0,0,0,1
3353,GB000479,0,0,0,0
3354,GB000481,0,0,1,0
3355,GB000482,0,0,1,0
3356,GB000483,0,0,1,90
3357,GB000484,0,0,0,12
3358,GB000485,0,0,1,15
3359,GB000487,0,0,1,175
3360,GB000488,0,0,1,0
3361,GB000489,0,0,1,0
3362,GB000490,0,0,1,59
3363,GB000491,0,0,0,0
3364,GB000492,0,0,1,171
3365,GB000493,0,0,4,181
3366,GB000494,0,0,4,22
3367,GB000495,0,0,1,0
3368,GB000496,0,0,0,0
3369,GB000497,0,0,0,0
3370,GB000498,0,0,0,0
3371,GB000499,0,0,2,0
3372,GB000500,0,0,1,0
3373,GB000501,0,0,2,5
3374,GB000502,0,0,0,0
3375,GB000503,0,0,0,0
3376,GB000504,0,0,4,0
3377,GB000505,0,0,0,102
3378,GB000506,0,0,0,0
3379,GB000507,0,0,4,1195
3380,GB000508,0,0,0,6
3381,GB000509,0,0,0,0
3382,GB000510,0,0,1,0
3383,GB000511,0,0,4,0
3384,GB000512,0,0,1,64
3385,GB000513,0,0,0,0
3386,GB000514,0,0,0,4
3387,GB000515,0,0,3,271
3388,GB000516,0,0,3,0
3389,GB000517,0,0,15,0
3390,GB000518,0,0,6,3925
3391,GB000519,0,0,2,0
3392,GB000520,0,0,0,0
3393,GB000521,0,0,1,11
3394,GB000522,0,0,1,0
3395,GB000523,0,0,4,0
3396,GB000524,0,0,8,92
3397,GB000525,0,0,3,0
3398,GB000526,0,0,8,0
3399,GB000529,0,0,10,180
3400,GB000530,0,0,13,31
3401,GB000532,0,0,4,0
3402,GB000533,0,0,4,0
3403,GB000534,0,0,11,70
3404,GB000535,0,0,4,0
3405,GB000536,0,0,6,125
3406,GB000537,0,0,2,77
3407,GB000538,0,0,5,0
3408,GB000539,0,0,2,0
3409,GB000540,0,0,6,4
3410,GB000541,0,0,0,0
3411,GB000542,0,0,11,0
3412,GB000543,0,0,0,0
3413,GB000545,0,0,0,0
3414,GB000546,0,0,3,0
3415,GB000547,0,0,13,12
3416,GB000548,0,0,0,0
3417,GB000549,0,0,2,8
3418,GB000550,0,0,5,5
3419,GB000551,0,0,7,0
3420,GB000552,0,0,15,5
3421,GB000553,0,0,10,2
3422,GB000554,0,0,14,0
3423,GB000555,0,0,15,0
3424,GB000556,0,0,10,0
3425,GB000557,0,0,6,0
3426,GB000558,0,0,7,0
3427,GB000559,0,0,11,1942
3428,GB000561,0,0,16,0
3429,GB000562,0,0,1,0
3430,GB000563,0,0,4,0
3431,GB000564,0,0,4,0
3432,GB000565,0,0,4,0
3433,GB000566,0,0,4,0
3434,GB000567,0,0,11,0
3435,GB000568,0,0,9,0
3436,GB000569,0,0,8,13
3437,GB000570,0,0,11,0
3438,GB000571,0,0,13,0
3439,GB000572,0,0,2,0
3440,GB000573,0,0,4,0
3441,GB000574,0,0,24,0
3442,GB000575,0,0,13,0
3443,GB000576,0,0,9,36
3444,GB000577,0,0,6,0
3445,GB000578,0,0,8,0
3446,GB000579,0,0,8,0
3447,GB000580,0,0,8,0
3448,GB000581,0,0,8,0
3449,GB000582,0,0,14,0
3450,GB000583,0,0,17,384
3451,GB000584,0,0,12,0
3452,GB000585,0,0,8,6
3453,GB000586,0,0,10,0
3454,GB000587,0,0,12,0
3455,GB000588,0,0,5,0
3456,GB000589,0,0,8,0
3457,GB000590,0,0,2,0
3458,GB000591,0,0,4,0
3459,GB000592,0,0,5,27
3460,GB000594,0,0,2,0
3461,GB000595,0,0,11,15
3462,GB000596,0,0,29,0
3463,GB000597,0,0,2,0
3464,GB000598,0,0,5,0
3465,GB000599,0,0,4,0
3466,GB000600,0,0,2,0
3467,GB000601,0,0,2,0
3468,GB000602,0,0,3,0
3469,GB000603,0,0,2,0
3470,GB000604,0,0,4,0
3471,GB000605,0,0,2,0
3472,GB000606,0,0,2,0
3473,GB000607,0,0,3,0
3474,GB000608,0,0,3,0
3475,GB000609,0,0,2,0
3476,GB000610,0,0,16,0
3477,GB000611,0,0,16,0
3478,GB000612,0,0,16,0
3479,GB000613,0,0,16,127
3480,GB000614,0,0,8,0
3481,GB000615,0,0,7,0
3482,GB000617,0,0,8,0
3483,GB000618,0,0,11,0
3484,GB000619,0,0,23,1402
3485,GB000620,0,0,2,0
3486,GB000621,0,0,2,0
3487,GB000622,0,0,2,0
3488,GB000623,0,0,6,1
3489,GB000624,0,0,2,0
3490,GB000625,0,0,2,0
3491,GB000626,0,0,3,0
3492,GB000627,0,0,2,106
3493,GB000628,0,0,3,11
3494,GB000629,0,0,2,0
3495,GB000630,0,0,3,11
3496,GB000631,0,0,4,3
3497,GB000632,0,0,4,0
3498,GB000633,0,0,3,0
3499,GB000634,0,0,2,14
3500,GB000635,0,0,2,0
3501,GB000636,0,0,2,175
3502,GB000637,0,0,3,95
3503,GB000638,0,0,5,0
3504,GB000639,0,0,3,0
3505,GB000640,0,0,2,6
3506,GB000641,0,0,5,2
3507,GB000642,0,0,4,0
3508,GB000643,0,0,4,0
3509,GB000644,0,0,2,0
3510,GB000645,0,0,4,58
3511,GB000646,0,0,3,156
3512,GB000647,0,0,4,79
3513,GB000648,0,0,7,39
3514,GB000649,0,0,3,25
3515,GB000650,0,0,2,42
3516,GB000651,0,0,3,1
3517,GB000652,0,0,28,1
3518,GB000653,0,0,11,161
3519,GB000654,0,0,10,2166
3520,GB000655,0,0,24,117
3521,GB000656,0,0,22,114
3522,GB000657,0,0,28,14
3523,GB000658,0,0,10,27
3524,GB000659,0,0,12,0
3525,GB000660,0,0,4,0
3526,GB000661,0,0,4,0
3527,GB000662,0,0,7,0
3528,GB000663,0,0,8,0
3529,GB000664,0,0,7,2029
3530,GB000665,0,0,27,0
3531,GB000666,0,0,15,0
3532,GB000667,0,0,60,0
3533,GB000668,0,1,145,0
3534,GB000669,0,0,58,0
3535,GB000670,0,0,64,0
3536,GB000671,0,1,42,0
3537,SE000004,0,0,0,0
3538,SE000005,0,0,12,0
3539,SE000007,0,0,0,0
3540,SE000010,0,0,0,0
3541,SE000011,0,0,3,0
3542,SE000012,0,0,0,0
3543,SE000014,0,0,0,0
3544,SE000015,0,0,0,0
3545,SE000020,0,0,0,0
3546,SE000022,0,0,0,0
3547,SE000023,0,0,0,0
3548,SE000033,0,0,0,0
3549,SE000036,0,0,0,0
3550,SE000038,0,0,0,0
3551,SE000039,0,0,0,0
3552,SE000041,0,0,0,0
3553,SE000042,0,0,0,0
3554,SE000044,0,0,0,0
3555,SE000045,0,0,0,0
3556,SE000048,0,0,0,0
3557,SE000091,0,0,0,0
3558,SE000252,0,0,0,0
3559,SE000277,0,0,0,0
3560,SE000283,0,0,0,0
3561,SE000286,0,0,0,0
3562,SE000287,0,0,0,0
